<?xml version="1.0"?>
<!--<!DOCTYPE metadata SYSTEM "http://www.esri.com/metadata/esriprof80.dtd">-->
<metadata xml:lang="en"><Esri><CreaDate>20110208</CreaDate><CreaTime>07512600</CreaTime><SyncOnce>FALSE</SyncOnce><DataProperties><lineage><Process Name="Merge_9" ToolSource="C:\Program Files\ArcGIS\ArcToolbox\Toolboxes\Data Management Tools.tbx\Merge" Date="20061120" Time="140629">Merge R:\PrivateConsLands\Sept2006\TNC_9_06.shp;R:\PrivateConsLands\Sept2006\PriCon_no_TNC.shp R:\PrivateConsLands\Sept2006\SWplpc11_06.shp "SOURCENAME SOURCENAME true false false 16 Text 0 0 ,First,#,R:\PrivateConsLands\Sept2006\TNC_9_06.shp,SOURCENAME,-1,-1;SOURCEDATE SOURCEDATE true false false 16 Text 0 0 ,First,#,R:\PrivateConsLands\Sept2006\TNC_9_06.shp,SOURCEDATE,-1,-1;TRACTNAME TRACTNAME true false false 100 Text 0 0 ,First,#,R:\PrivateConsLands\Sept2006\TNC_9_06.shp,TRACTNAME,-1,-1;AREANAME AREANAME true false false 50 Text 0 0 ,First,#,R:\PrivateConsLands\Sept2006\TNC_9_06.shp,AREANAME,-1,-1;FEE_OWNER FEE_OWNER true false false 25 Text 0 0 ,First,#,R:\PrivateConsLands\Sept2006\TNC_9_06.shp,FEE_OWNER,-1,-1;FEE_ORGTYP FEE_ORGTYP true false false 3 Text 0 0 ,First,#,R:\PrivateConsLands\Sept2006\TNC_9_06.shp,FEE_ORGTYP,-1,-1;INT_HOLDER INT_HOLDER true false false 25 Text 0 0 ,First,#,R:\PrivateConsLands\Sept2006\TNC_9_06.shp,INT_HOLDER,-1,-1;INT_ORGTYP INT_ORGTYP true false false 3 Text 0 0 ,First,#,R:\PrivateConsLands\Sept2006\TNC_9_06.shp,INT_ORGTYP,-1,-1;MANAGER MANAGER true false false 25 Text 0 0 ,First,#,R:\PrivateConsLands\Sept2006\TNC_9_06.shp,MANAGER,-1,-1;INT_TYPE INT_TYPE true false false 3 Text 0 0 ,First,#,R:\PrivateConsLands\Sept2006\TNC_9_06.shp,INT_TYPE,-1,-1;GAP_STATUS GAP_STATUS true false false 1 Short 0 1 ,First,#,R:\PrivateConsLands\Sept2006\TNC_9_06.shp,GAP_STATUS,-1,-1;IUCN_CAT IUCN_CAT true false false 3 Text 0 0 ,First,#,R:\PrivateConsLands\Sept2006\TNC_9_06.shp,IUCN_CAT,-1,-1;DESIGNATN DESIGNATN true false false 3 Text 0 0 ,First,#,R:\PrivateConsLands\Sept2006\TNC_9_06.shp,DESIGNATN,-1,-1;TNCPROJECT TNCPROJECT true false false 1 Text 0 0 ,First,#,R:\PrivateConsLands\Sept2006\TNC_9_06.shp,TNCPROJECT,-1,-1;TNC_ACRES TNC_ACRES true false false 9 Double 1 8 ,First,#,R:\PrivateConsLands\Sept2006\TNC_9_06.shp,TNC_ACRES,-1,-1;GIS_ACRES GIS_ACRES true false false 9 Double 1 8 ,First,#,R:\PrivateConsLands\Sept2006\TNC_9_06.shp,GIS_ACRES,-1,-1;DISTRIBUTE DISTRIBUTE true false false 1 Text 0 0 ,First,#,R:\PrivateConsLands\Sept2006\TNC_9_06.shp,DISTRIBUTE,-1,-1;SOURCEID SOURCEID true false false 8 Long 0 8 ,First,#,R:\PrivateConsLands\Sept2006\TNC_9_06.shp,SOURCEID,-1,-1;DIG_SOURCE DIG_SOURCE true false false 25 Text 0 0 ,First,#,R:\PrivateConsLands\Sept2006\TNC_9_06.shp,DIG_SOURCE,-1,-1;DATE_BNDED DATE_BNDED true false false 10 Text 0 0 ,First,#,R:\PrivateConsLands\Sept2006\TNC_9_06.shp,DATE_BNDED,-1,-1;DATE_TXTED DATE_TXTED true false false 10 Text 0 0 ,First,#,R:\PrivateConsLands\Sept2006\TNC_9_06.shp,DATE_TXTED,-1,-1;COMMENTS COMMENTS true false false 254 Text 0 0 ,First,#,R:\PrivateConsLands\Sept2006\TNC_9_06.shp,COMMENTS,-1,-1,R:\PrivateConsLands\Sept2006\PriCon_no_TNC.shp,COMMENTS,-1,-1;GAP_SOURCE GAP_SOURCE true false false 16 Text 0 0 ,First,#,R:\PrivateConsLands\Sept2006\TNC_9_06.shp,GAP_SOURCE,-1,-1;DATE_CONSV DATE_CONSV true false false 8 Long 0 8 ,First,#,R:\PrivateConsLands\Sept2006\TNC_9_06.shp,DATE_CONSV,-1,-1;DATEC_PREC DATEC_PREC true false false 16 Text 0 0 ,First,#,R:\PrivateConsLands\Sept2006\TNC_9_06.shp,DATEC_PREC,-1,-1;PRI_CON_GP PRI_CON_GP true false false 254 Text 0 0 ,First,#,R:\PrivateConsLands\Sept2006\TNC_9_06.shp,PRI_CON_GP,-1,-1,R:\PrivateConsLands\Sept2006\PriCon_no_TNC.shp,PRI_CON_GP,-1,-1;ID ID true false false 10 Double 0 10 ,First,#,R:\PrivateConsLands\Sept2006\PriCon_no_TNC.shp,ID,-1,-1;AREA AREA true false false 19 Double 3 18 ,First,#,R:\PrivateConsLands\Sept2006\PriCon_no_TNC.shp,AREA,-1,-1;PERIMETER PERIMETER true false false 19 Double 3 18 ,First,#,R:\PrivateConsLands\Sept2006\PriCon_no_TNC.shp,PERIMETER,-1,-1;OWNER OWNER true false false 35 Text 0 0 ,First,#,R:\PrivateConsLands\Sept2006\PriCon_no_TNC.shp,OWNER,-1,-1;NAME NAME true false false 50 Text 0 0 ,First,#,R:\PrivateConsLands\Sept2006\PriCon_no_TNC.shp,NAME,-1,-1;ACRES ACRES true false false 19 Double 3 18 ,First,#,R:\PrivateConsLands\Sept2006\PriCon_no_TNC.shp,ACRES,-1,-1;COUNTY COUNTY true false false 6 Text 0 0 ,First,#,R:\PrivateConsLands\Sept2006\PriCon_no_TNC.shp,COUNTY,-1,-1"</Process><Process Name="Merge_1" ToolSource="C:\Program Files\ArcGIS\ArcToolbox\Toolboxes\Data Management Tools.tbx\Merge" Date="20070912" Time="114220">Merge R:\PrivateConsLands\Sept2007\PrivCon_no_TNC.shp;R:\PrivateConsLands\Sept2007\TNC_091107.shp R:\PrivateConsLands\Sept2007\SWplpc.shp "COMMENTS COMMENTS true false false 254 Text 0 0 ,First,#,R:\PrivateConsLands\Sept2007\PrivCon_no_TNC.shp,COMMENTS,-1,-1,R:\PrivateConsLands\Sept2007\TNC_091107.shp,COMMENTS,-1,-1;PRI_CON_GP PRI_CON_GP true false false 254 Text 0 0 ,First,#,R:\PrivateConsLands\Sept2007\PrivCon_no_TNC.shp,PRI_CON_GP,-1,-1;ID ID true false false 10 Double 0 10 ,First,#,R:\PrivateConsLands\Sept2007\PrivCon_no_TNC.shp,ID,-1,-1;AREA AREA true false false 19 Double 3 18 ,First,#,R:\PrivateConsLands\Sept2007\PrivCon_no_TNC.shp,AREA,-1,-1;PERIMETER PERIMETER true false false 19 Double 3 18 ,First,#,R:\PrivateConsLands\Sept2007\PrivCon_no_TNC.shp,PERIMETER,-1,-1;OWNER OWNER true false false 35 Text 0 0 ,First,#,R:\PrivateConsLands\Sept2007\PrivCon_no_TNC.shp,OWNER,-1,-1;NAME NAME true false false 50 Text 0 0 ,First,#,R:\PrivateConsLands\Sept2007\PrivCon_no_TNC.shp,NAME,-1,-1;ACRES ACRES true false false 19 Double 3 18 ,First,#,R:\PrivateConsLands\Sept2007\PrivCon_no_TNC.shp,ACRES,-1,-1;COUNTY COUNTY true false false 6 Text 0 0 ,First,#,R:\PrivateConsLands\Sept2007\PrivCon_no_TNC.shp,COUNTY,-1,-1;SHAPE_LENG SHAPE_LENG true false false 19 Double 11 18 ,First,#,R:\PrivateConsLands\Sept2007\TNC_091107.shp,SHAPE_LENG,-1,-1;SHAPE_AREA SHAPE_AREA true false false 19 Double 11 18 ,First,#,R:\PrivateConsLands\Sept2007\TNC_091107.shp,SHAPE_AREA,-1,-1;AREA_NAME AREA_NAME true false false 50 Text 0 0 ,First,#,R:\PrivateConsLands\Sept2007\TNC_091107.shp,AREA_NAME,-1,-1;FEE_OWNER FEE_OWNER true false false 25 Text 0 0 ,First,#,R:\PrivateConsLands\Sept2007\TNC_091107.shp,FEE_OWNER,-1,-1;FEE_ORGTYP FEE_ORGTYP true false false 3 Text 0 0 ,First,#,R:\PrivateConsLands\Sept2007\TNC_091107.shp,FEE_ORGTYP,-1,-1;INT_HOLDER INT_HOLDER true false false 25 Text 0 0 ,First,#,R:\PrivateConsLands\Sept2007\TNC_091107.shp,INT_HOLDER,-1,-1;INT_ORGTYP INT_ORGTYP true false false 3 Text 0 0 ,First,#,R:\PrivateConsLands\Sept2007\TNC_091107.shp,INT_ORGTYP,-1,-1;INT_TYPE INT_TYPE true false false 3 Text 0 0 ,First,#,R:\PrivateConsLands\Sept2007\TNC_091107.shp,INT_TYPE,-1,-1;GAP_STATUS GAP_STATUS true false false 1 Short 0 1 ,First,#,R:\PrivateConsLands\Sept2007\TNC_091107.shp,GAP_STATUS,-1,-1;IUCN_CAT IUCN_CAT true false false 4 Text 0 0 ,First,#,R:\PrivateConsLands\Sept2007\TNC_091107.shp,IUCN_CAT,-1,-1;STATE_PROV STATE_PROV true false false 2 Text 0 0 ,First,#,R:\PrivateConsLands\Sept2007\TNC_091107.shp,STATE_PROV,-1,-1;DESIGNATN DESIGNATN true false false 4 Text 0 0 ,First,#,R:\PrivateConsLands\Sept2007\TNC_091107.shp,DESIGNATN,-1,-1;TNC_INTRST TNC_INTRST true false false 8 Text 0 0 ,First,#,R:\PrivateConsLands\Sept2007\TNC_091107.shp,TNC_INTRST,-1,-1;TNC_ACRES TNC_ACRES true false false 11 Double 1 10 ,First,#,R:\PrivateConsLands\Sept2007\TNC_091107.shp,TNC_ACRES,-1,-1;GIS_ACRES GIS_ACRES true false false 11 Double 1 10 ,First,#,R:\PrivateConsLands\Sept2007\TNC_091107.shp,GIS_ACRES,-1,-1;DATE_CONSV DATE_CONSV true false false 8 Long 0 8 ,First,#,R:\PrivateConsLands\Sept2007\TNC_091107.shp,DATE_CONSV,-1,-1;DATEC_PREC DATEC_PREC true false false 5 Text 0 0 ,First,#,R:\PrivateConsLands\Sept2007\TNC_091107.shp,DATEC_PREC,-1,-1;CHG_GAP CHG_GAP true false false 4 Text 0 0 ,First,#,R:\PrivateConsLands\Sept2007\TNC_091107.shp,CHG_GAP,-1,-1;CHG_ATTRIB CHG_ATTRIB true false false 4 Text 0 0 ,First,#,R:\PrivateConsLands\Sept2007\TNC_091107.shp,CHG_ATTRIB,-1,-1;CHG_GEOG CHG_GEOG true false false 4 Text 0 0 ,First,#,R:\PrivateConsLands\Sept2007\TNC_091107.shp,CHG_GEOG,-1,-1;RESTR_DATA RESTR_DATA true false false 1 Text 0 0 ,First,#,R:\PrivateConsLands\Sept2007\TNC_091107.shp,RESTR_DATA,-1,-1;MAX_MAP_SC MAX_MAP_SC true false false 10 Double 0 10 ,First,#,R:\PrivateConsLands\Sept2007\TNC_091107.shp,MAX_MAP_SC,-1,-1;RESTR_COMM RESTR_COMM true false false 50 Text 0 0 ,First,#,R:\PrivateConsLands\Sept2007\TNC_091107.shp,RESTR_COMM,-1,-1;CITATION CITATION true false false 100 Text 0 0 ,First,#,R:\PrivateConsLands\Sept2007\TNC_091107.shp,CITATION,-1,-1;SOURCE SOURCE true false false 20 Text 0 0 ,First,#,R:\PrivateConsLands\Sept2007\TNC_091107.shp,SOURCE,-1,-1;SOURCE_ID SOURCE_ID true false false 8 Text 0 0 ,First,#,R:\PrivateConsLands\Sept2007\TNC_091107.shp,SOURCE_ID,-1,-1;LAT_LON_ID LAT_LON_ID true false false 22 Text 0 0 ,First,#,R:\PrivateConsLands\Sept2007\TNC_091107.shp,LAT_LON_ID,-1,-1;CLS_ID CLS_ID true false false 25 Text 0 0 ,First,#,R:\PrivateConsLands\Sept2007\TNC_091107.shp,CLS_ID,-1,-1;SOURCENAME SOURCENAME true false false 16 Text 0 0 ,First,#,R:\PrivateConsLands\Sept2007\TNC_091107.shp,SOURCENAME,-1,-1;SOURCEDATE SOURCEDATE true false false 16 Text 0 0 ,First,#,R:\PrivateConsLands\Sept2007\TNC_091107.shp,SOURCEDATE,-1,-1;TRACTNAME TRACTNAME true false false 100 Text 0 0 ,First,#,R:\PrivateConsLands\Sept2007\TNC_091107.shp,TRACTNAME,-1,-1;CLS_Acres CLS_Acres true false false 13 Double 1 12 ,First,#,R:\PrivateConsLands\Sept2007\TNC_091107.shp,CLS_Acres,-1,-1;GAP_MDN GAP_MDN true false false 1 Short 0 1 ,First,#,R:\PrivateConsLands\Sept2007\TNC_091107.shp,GAP_MDN,-1,-1;EditDate EditDate true false false 9 Long 0 9 ,First,#,R:\PrivateConsLands\Sept2007\TNC_091107.shp,EditDate,-1,-1"</Process><Process Name="AddField_1" ToolSource="C:\Program Files\ArcGIS\ArcToolbox\Toolboxes\Data Management Tools.tbx\AddField" Date="20080306" Time="104733">AddField R:\PrivateConsLands\03_08\SWplpc.shp ACCTID LONG # # # # NON_NULLABLE NON_REQUIRED # R:\PrivateConsLands\03_08\SWplpc.shp</Process><Process ToolSource="C:\Program Files\ArcGIS\ArcToolbox\Toolboxes\Data Management Tools.tbx\Merge" Date="20091118" Time="132622">Merge PrivCon_noTNC;TNC_eas_fee_20090917_Merge R:\PrivateConsLands\09_2009\PrivCon_TNC_merge.shp "COMMENTS 'COMMENTS' true true false 254 Text 0 0 ,First,#,PrivCon_noTNC,COMMENTS,-1,-1,TNC_eas_fee_20090917_Merge,COMMENTS,-1,-1;PRI_CON_GP 'PRI_CON_GP' true true false 254 Text 0 0 ,First,#,PrivCon_noTNC,PRI_CON_GP,-1,-1;ID 'ID' true true false 10 Double 0 10 ,First,#,PrivCon_noTNC,ID,-1,-1;AREA 'AREA' true true false 19 Double 3 18 ,First,#,PrivCon_noTNC,AREA,-1,-1,TNC_eas_fee_20090917_Merge,AREA,-1,-1;PERIMETER 'PERIMETER' true true false 19 Double 3 18 ,First,#,PrivCon_noTNC,PERIMETER,-1,-1;OWNER 'OWNER' true true false 35 Text 0 0 ,First,#,PrivCon_noTNC,OWNER,-1,-1;ACRES 'ACRES' true true false 19 Double 3 18 ,First,#,PrivCon_noTNC,ACRES,-1,-1;COUNTY 'COUNTY' true true false 6 Text 0 0 ,First,#,PrivCon_noTNC,COUNTY,-1,-1,TNC_eas_fee_20090917_Merge,COUNTY,-1,-1;AREA_NAME 'AREA_NAME' true true false 50 Text 0 0 ,First,#,PrivCon_noTNC,AREA_NAME,-1,-1,TNC_eas_fee_20090917_Merge,AREA_NAME,-1,-1;FEE_OWNER 'FEE_OWNER' true true false 25 Text 0 0 ,First,#,PrivCon_noTNC,FEE_OWNER,-1,-1,TNC_eas_fee_20090917_Merge,FEE_OWNER,-1,-1;FEE_ORGTYP 'FEE_ORGTYP' true true false 3 Text 0 0 ,First,#,PrivCon_noTNC,FEE_ORGTYP,-1,-1,TNC_eas_fee_20090917_Merge,FEE_ORGTYP,-1,-1;INT_HOLDER 'INT_HOLDER' true true false 25 Text 0 0 ,First,#,PrivCon_noTNC,INT_HOLDER,-1,-1,TNC_eas_fee_20090917_Merge,INT_HOLDER,-1,-1;INT_ORGTYP 'INT_ORGTYP' true true false 3 Text 0 0 ,First,#,PrivCon_noTNC,INT_ORGTYP,-1,-1,TNC_eas_fee_20090917_Merge,INT_ORGTYP,-1,-1;DESIGNATN 'DESIGNATN' true true false 4 Text 0 0 ,First,#,PrivCon_noTNC,DESIGNATN,-1,-1;TNC_INTRST 'TNC_INTRST' true true false 8 Text 0 0 ,First,#,PrivCon_noTNC,TNC_INTRST,-1,-1,TNC_eas_fee_20090917_Merge,TNC_INTRST,-1,-1;GIS_ACRES 'GIS_ACRES' true true false 11 Double 1 10 ,First,#,PrivCon_noTNC,GIS_ACRES,-1,-1,TNC_eas_fee_20090917_Merge,GIS_ACRES,-1,-1;DATE_CONSV 'DATE_CONSV' true true false 8 Long 0 8 ,First,#,PrivCon_noTNC,DATE_CONSV,-1,-1,TNC_eas_fee_20090917_Merge,DATE_CONSV,-1,-1;CITATION 'CITATION' true true false 100 Text 0 0 ,First,#,PrivCon_noTNC,CITATION,-1,-1;SOURCENAME 'SOURCENAME' true true false 16 Text 0 0 ,First,#,PrivCon_noTNC,SOURCENAME,-1,-1;SOURCEDATE 'SOURCEDATE' true true false 16 Text 0 0 ,First,#,PrivCon_noTNC,SOURCEDATE,-1,-1;TRACTNAME 'TRACTNAME' true true false 100 Text 0 0 ,First,#,PrivCon_noTNC,TRACTNAME,-1,-1;ACCTID 'ACCTID' true true false 254 Text 0 0 ,First,#,PrivCon_noTNC,ACCTID,-1,-1;MAP 'MAP' true true false 254 Text 0 0 ,First,#,PrivCon_noTNC,MAP,-1,-1;PARCEL 'PARCEL' true true false 254 Text 0 0 ,First,#,PrivCon_noTNC,PARCEL,-1,-1;LOT 'LOT' true true false 254 Text 0 0 ,First,#,PrivCon_noTNC,LOT,-1,-1;OBJECTID 'OBJECTID' true true false 9 Long 0 9 ,First,#,TNC_eas_fee_20090917_Merge,OBJECTID,-1,-1;INT_TYPE 'INT_TYPE' true true false 3 Text 0 0 ,First,#,TNC_eas_fee_20090917_Merge,INT_TYPE,-1,-1;GAP_ORIG 'GAP_ORIG' true true false 4 Short 0 4 ,First,#,TNC_eas_fee_20090917_Merge,GAP_ORIG,-1,-1;GAP_TNC 'GAP_TNC' true true false 4 Short 0 4 ,First,#,TNC_eas_fee_20090917_Merge,GAP_TNC,-1,-1;GAP_STATUS 'GAP_STATUS' true true false 4 Short 0 4 ,First,#,TNC_eas_fee_20090917_Merge,GAP_STATUS,-1,-1;IUCN_CAT 'IUCN_CAT' true true false 3 Text 0 0 ,First,#,TNC_eas_fee_20090917_Merge,IUCN_CAT,-1,-1;CONS_INTNT 'CONS_INTNT' true true false 10 Text 0 0 ,First,#,TNC_eas_fee_20090917_Merge,CONS_INTNT,-1,-1;CONS_TENUR 'CONS_TENUR' true true false 10 Text 0 0 ,First,#,TNC_eas_fee_20090917_Merge,CONS_TENUR,-1,-1;POT_EF_MGT 'POT_EF_MGT' true true false 50 Text 0 0 ,First,#,TNC_eas_fee_20090917_Merge,POT_EF_MGT,-1,-1;CONS_MG_ST 'CONS_MG_ST' true true false 10 Text 0 0 ,First,#,TNC_eas_fee_20090917_Merge,CONS_MG_ST,-1,-1;STATE_PROV 'STATE_PROV' true true false 2 Text 0 0 ,First,#,TNC_eas_fee_20090917_Merge,STATE_PROV,-1,-1;DESIGNAT 'DESIGNAT' true true false 3 Text 0 0 ,First,#,TNC_eas_fee_20090917_Merge,DESIGNAT,-1,-1;SDESIGNAT 'SDESIGNAT' true true false 10 Text 0 0 ,First,#,TNC_eas_fee_20090917_Merge,SDESIGNAT,-1,-1;LEGAL_ACRE 'LEGAL_ACRE' true true false 19 Double 0 0 ,First,#,TNC_eas_fee_20090917_Merge,LEGAL_ACRE,-1,-1;DATEC_PREC 'DATEC_PREC' true true false 5 Text 0 0 ,First,#,TNC_eas_fee_20090917_Merge,DATEC_PREC,-1,-1;CHG_GAP 'CHG_GAP' true true false 4 Text 0 0 ,First,#,TNC_eas_fee_20090917_Merge,CHG_GAP,-1,-1;CHG_ATTRIB 'CHG_ATTRIB' true true false 4 Text 0 0 ,First,#,TNC_eas_fee_20090917_Merge,CHG_ATTRIB,-1,-1;CHG_GEOG 'CHG_GEOG' true true false 4 Text 0 0 ,First,#,TNC_eas_fee_20090917_Merge,CHG_GEOG,-1,-1;REST_DATA 'REST_DATA' true true false 2 Text 0 0 ,First,#,TNC_eas_fee_20090917_Merge,REST_DATA,-1,-1;MAX_MAP_SC 'MAX_MAP_SC' true true false 9 Long 0 9 ,First,#,TNC_eas_fee_20090917_Merge,MAX_MAP_SC,-1,-1;RESTR_COMM 'RESTR_COMM' true true false 50 Text 0 0 ,First,#,TNC_eas_fee_20090917_Merge,RESTR_COMM,-1,-1;XY_ID 'XY_ID' true true false 22 Text 0 0 ,First,#,TNC_eas_fee_20090917_Merge,XY_ID,-1,-1;SOURCE 'SOURCE' true true false 100 Text 0 0 ,First,#,TNC_eas_fee_20090917_Merge,SOURCE,-1,-1;LEN 'LEN' true true false 19 Double 0 0 ,First,#,TNC_eas_fee_20090917_Merge,LEN,-1,-1;CLS_TRACTI 'CLS_TRACTI' true true false 19 Double 0 0 ,First,#,TNC_eas_fee_20090917_Merge,CLS_TRACTI,-1,-1;CLS_MABRID 'CLS_MABRID' true true false 19 Double 0 0 ,First,#,TNC_eas_fee_20090917_Merge,CLS_MABRID,-1,-1;CLS_TRACTN 'CLS_TRACTN' true true false 100 Text 0 0 ,First,#,TNC_eas_fee_20090917_Merge,CLS_TRACTN,-1,-1;MD_EditDat 'MD_EditDat' true true false 9 Long 0 9 ,First,#,TNC_eas_fee_20090917_Merge,MD_EditDat,-1,-1;MD_Intenti 'MD_Intenti' true true false 25 Text 0 0 ,First,#,TNC_eas_fee_20090917_Merge,MD_Intenti,-1,-1;MD_SourceN 'MD_SourceN' true true false 30 Text 0 0 ,First,#,TNC_eas_fee_20090917_Merge,MD_SourceN,-1,-1;MD_SourceD 'MD_SourceD' true true false 9 Long 0 9 ,First,#,TNC_eas_fee_20090917_Merge,MD_SourceD,-1,-1;Shape_Leng 'Shape_Leng' true true false 19 Double 0 0 ,First,#,TNC_eas_fee_20090917_Merge,Shape_Leng,-1,-1;Shape_Area 'Shape_Area' true true false 19 Double 0 0 ,First,#,TNC_eas_fee_20090917_Merge,Shape_Area,-1,-1"</Process><Process ToolSource="C:\Program Files\ArcGIS\ArcToolbox\Toolboxes\Data Management Tools.tbx\AddField" Date="20091118" Time="142726">AddField SWplpc GISACRES2 DOUBLE # # # # NON_NULLABLE NON_REQUIRED # SWplpc</Process><Process ToolSource="C:\Program Files\ArcGIS\ArcToolbox\Toolboxes\Data Management Tools.tbx\AddField" Date="20091118" Time="143109">AddField SWplpc COUNTY2 TEXT # # # # NON_NULLABLE NON_REQUIRED # SWplpc</Process><Process ToolSource="C:\Program Files\ArcGIS\ArcToolbox\Toolboxes\Data Management Tools.tbx\AddField" Date="20091118" Time="145228">AddField SWplpc COUNTY TEXT # # # # NON_NULLABLE NON_REQUIRED # SWplpc</Process><Process ToolSource="C:\Program Files\ArcGIS\ArcToolbox\Toolboxes\Data Management Tools.tbx\AddField" Date="20091123" Time="114833">AddField SWplpc Test DOUBLE # # # # NON_NULLABLE NON_REQUIRED # SWplpc</Process><Process ToolSource="C:\Program Files\ArcGIS\ArcToolbox\Toolboxes\Data Management Tools.tbx\AddField" Date="20091123" Time="122158">AddField SWplpc Test3 DOUBLE # # # # NON_NULLABLE NON_REQUIRED # SWplpc</Process><Process ToolSource="C:\Program Files\ArcGIS\ArcToolbox\Toolboxes\Data Management Tools.tbx\AddField" Date="20100203" Time="104956">AddField SWplpc AreaTest DOUBLE # # # # NON_NULLABLE NON_REQUIRED # SWplpc</Process><Process ToolSource="C:\Program Files\ArcGIS\ArcToolbox\Toolboxes\Data Management Tools.tbx\AddField" Date="20100204" Time="085414">AddField SWplpc MPV_ACRES DOUBLE # # # # NON_NULLABLE NON_REQUIRED # SWplpc</Process><Process ToolSource="C:\Program Files\ArcGIS\ArcToolbox\Toolboxes\Data Management Tools.tbx\Merge" Date="20100914" Time="114921">Merge SWplpc_NoSmithsonian_NoTNC;TNClands_20100721 R:\PrivateConsLands\2010_0914\SWplpc_NoSmith_TNC20100721_Merge.shp "COMMENTS 'COMMENTS' true true false 254 Text 0 0 ,First,#,SWplpc_NoSmithsonian_NoTNC,COMMENTS,-1,-1,TNClands_20100721,COMMENTS,-1,-1;PRI_CON_GP 'PRI_CON_GP' true true false 254 Text 0 0 ,First,#,SWplpc_NoSmithsonian_NoTNC,PRI_CON_GP,-1,-1;AREA 'AREA' true true false 19 Double 3 18 ,First,#,SWplpc_NoSmithsonian_NoTNC,AREA,-1,-1;OWNER 'OWNER' true true false 35 Text 0 0 ,First,#,SWplpc_NoSmithsonian_NoTNC,OWNER,-1,-1;AREA_NAME 'AREA_NAME' true true false 50 Text 0 0 ,First,#,SWplpc_NoSmithsonian_NoTNC,AREA_NAME,-1,-1,TNClands_20100721,AREA_NAME,-1,-1;FEE_OWNER 'FEE_OWNER' true true false 25 Text 0 0 ,First,#,SWplpc_NoSmithsonian_NoTNC,FEE_OWNER,-1,-1,TNClands_20100721,FEE_OWNER,-1,-1;TNC_INTRST 'TNC_INTRST' true true false 8 Text 0 0 ,First,#,SWplpc_NoSmithsonian_NoTNC,TNC_INTRST,-1,-1,TNClands_20100721,TNC_INTRST,-1,-1;DATE_CONSV 'DATE_CONSV' true true false 8 Long 0 8 ,First,#,SWplpc_NoSmithsonian_NoTNC,DATE_CONSV,-1,-1,TNClands_20100721,DATE_CONSV,-1,-1;CITATION 'CITATION' true true false 100 Text 0 0 ,First,#,SWplpc_NoSmithsonian_NoTNC,CITATION,-1,-1;ACCTID 'ACCTID' true true false 254 Text 0 0 ,First,#,SWplpc_NoSmithsonian_NoTNC,ACCTID,-1,-1;MAP 'MAP' true true false 254 Text 0 0 ,First,#,SWplpc_NoSmithsonian_NoTNC,MAP,-1,-1;PARCEL 'PARCEL' true true false 254 Text 0 0 ,First,#,SWplpc_NoSmithsonian_NoTNC,PARCEL,-1,-1;LOT 'LOT' true true false 254 Text 0 0 ,First,#,SWplpc_NoSmithsonian_NoTNC,LOT,-1,-1;LEGAL_ACRE 'LEGAL_ACRE' true true false 19 Double 0 0 ,First,#,SWplpc_NoSmithsonian_NoTNC,LEGAL_ACRE,-1,-1,TNClands_20100721,LEGAL_ACRE,-1,-1;MD_Intenti 'MD_Intenti' true true false 25 Text 0 0 ,First,#,SWplpc_NoSmithsonian_NoTNC,MD_Intenti,-1,-1,TNClands_20100721,MD_Intenti,-1,-1;COUNTY 'COUNTY' true true false 254 Text 0 0 ,First,#,SWplpc_NoSmithsonian_NoTNC,COUNTY,-1,-1;MPV_ACRES 'MPV_ACRES' true true false 19 Double 0 0 ,First,#,SWplpc_NoSmithsonian_NoTNC,MPV_ACRES,-1,-1;GIS_ACRES 'GIS_ACRES' true true false 11 Double 2 10 ,First,#,SWplpc_NoSmithsonian_NoTNC,GIS_ACRES,-1,-1,TNClands_20100721,GIS_ACRES,-1,-1;FEE_ORGTYP 'FEE_ORGTYP' true true false 3 Text 0 0 ,First,#,TNClands_20100721,FEE_ORGTYP,-1,-1;INT_HOLDER 'INT_HOLDER' true true false 50 Text 0 0 ,First,#,TNClands_20100721,INT_HOLDER,-1,-1;INT_ORGTYP 'INT_ORGTYP' true true false 3 Text 0 0 ,First,#,TNClands_20100721,INT_ORGTYP,-1,-1;INT_TYPE 'INT_TYPE' true true false 3 Text 0 0 ,First,#,TNClands_20100721,INT_TYPE,-1,-1;GAP_STATUS 'GAP_STATUS' true true false 4 Short 0 4 ,First,#,TNClands_20100721,GAP_STATUS,-1,-1;STATE_PROV 'STATE_PROV' true true false 2 Text 0 0 ,First,#,TNClands_20100721,STATE_PROV,-1,-1;DESIGNAT 'DESIGNAT' true true false 3 Text 0 0 ,First,#,TNClands_20100721,DESIGNAT,-1,-1;SDESIGNAT 'SDESIGNAT' true true false 10 Text 0 0 ,First,#,TNClands_20100721,SDESIGNAT,-1,-1;DATEC_PREC 'DATEC_PREC' true true false 5 Text 0 0 ,First,#,TNClands_20100721,DATEC_PREC,-1,-1;CHG_GEOG 'CHG_GEOG' true true false 4 Text 0 0 ,First,#,TNClands_20100721,CHG_GEOG,-1,-1;REST_DATA 'REST_DATA' true true false 2 Text 0 0 ,First,#,TNClands_20100721,REST_DATA,-1,-1;MAX_MAP_SC 'MAX_MAP_SC' true true false 9 Long 0 9 ,First,#,TNClands_20100721,MAX_MAP_SC,-1,-1;RESTR_COMM 'RESTR_COMM' true true false 50 Text 0 0 ,First,#,TNClands_20100721,RESTR_COMM,-1,-1;SOURCE 'SOURCE' true true false 100 Text 0 0 ,First,#,TNClands_20100721,SOURCE,-1,-1;CLS_TRACTI 'CLS_TRACTI' true true false 19 Double 0 0 ,First,#,TNClands_20100721,CLS_TRACTI,-1,-1;CLS_MABRID 'CLS_MABRID' true true false 19 Double 0 0 ,First,#,TNClands_20100721,CLS_MABRID,-1,-1;CLS_TRACTN 'CLS_TRACTN' true true false 100 Text 0 0 ,First,#,TNClands_20100721,CLS_TRACTN,-1,-1;MD_EditDat 'MD_EditDat' true true false 9 Long 0 9 ,First,#,TNClands_20100721,MD_EditDat,-1,-1;MD_SourceN 'MD_SourceN' true true false 30 Text 0 0 ,First,#,TNClands_20100721,MD_SourceN,-1,-1;MD_SourceD 'MD_SourceD' true true false 9 Long 0 9 ,First,#,TNClands_20100721,MD_SourceD,-1,-1"</Process><Process ToolSource="C:\Program Files\ArcGIS\Desktop10.0\ArcToolbox\Toolboxes\Data Management Tools.tbx\CalculateField" Date="20110131" Time="141810">CalculateField SWplpc_2010_0914 PRI_CON_GP "The Nature Conservancy" VB #</Process><Process ToolSource="C:\Program Files\ArcGIS\Desktop10.0\ArcToolbox\Toolboxes\Data Management Tools.tbx\CalculateField" Date="20110131" Time="142021">CalculateField SWplpc_2010_0914 OWNER "Private Land Owner (TNC Easement)" VB #</Process><Process ToolSource="C:\Program Files\ArcGIS\Desktop10.0\ArcToolbox\Toolboxes\Data Management Tools.tbx\CalculateField" Date="20110131" Time="142120">CalculateField SWplpc_2010_0914 OWNER "The Nature Conservancy (TNC)" VB #</Process><Process ToolSource="C:\Program Files\ArcGIS\Desktop10.0\ArcToolbox\Toolboxes\Data Management Tools.tbx\AddField" Date="20110131" Time="143652">AddField SWplpc_2010_0914 WebLink TEXT # # # # NON_NULLABLE NON_REQUIRED #</Process><Process ToolSource="C:\Program Files\ArcGIS\Desktop10.0\ArcToolbox\Toolboxes\Data Management Tools.tbx\CalculateField" Date="20110201" Time="061441">CalculateField SWplpc_2010_0914 WebLink "http://www.accokeek.org/" VB #</Process><Process ToolSource="C:\Program Files\ArcGIS\Desktop10.0\ArcToolbox\Toolboxes\Data Management Tools.tbx\CalculateField" Date="20110201" Time="061529">CalculateField SWplpc_2010_0914 WebLink "http://www.acltweb.org/" VB #</Process><Process ToolSource="C:\Program Files\ArcGIS\Desktop10.0\ArcToolbox\Toolboxes\Data Management Tools.tbx\CalculateField" Date="20110201" Time="061603">CalculateField SWplpc_2010_0914 WebLink "http://www.chesapeakeaudubon.org/" VB #</Process><Process ToolSource="C:\Program Files\ArcGIS\Desktop10.0\ArcToolbox\Toolboxes\Data Management Tools.tbx\CalculateField" Date="20110201" Time="061646">CalculateField SWplpc_2010_0914 WebLink "http://www.cbf.org/" VB #</Process><Process ToolSource="C:\Program Files\ArcGIS\Desktop10.0\ArcToolbox\Toolboxes\Data Management Tools.tbx\CalculateField" Date="20110201" Time="061856">CalculateField SWplpc_2010_0914 WebLink "http://www.iwla.org/index.php?gclid=CPL657uHjKQCFeh25QodKlCpLA" VB #</Process><Process ToolSource="C:\Program Files\ArcGIS\Desktop10.0\ArcToolbox\Toolboxes\Data Management Tools.tbx\CalculateField" Date="20110201" Time="061933">CalculateField SWplpc_2010_0914 WebLink "http://www.mdbirds.org/" VB #</Process><Process ToolSource="C:\Program Files\ArcGIS\Desktop10.0\ArcToolbox\Toolboxes\Data Management Tools.tbx\CalculateField" Date="20110201" Time="062107">CalculateField SWplpc_2010_0914 WebLink "http://www.nature.org/wherewework/northamerica/states/maryland/" VB #</Process><Process ToolSource="C:\Program Files\ArcGIS\Desktop10.0\ArcToolbox\Toolboxes\Data Management Tools.tbx\CalculateField" Date="20110201" Time="062201">CalculateField SWplpc_2010_0914 WebLink "http://www.bayrestoration.org/" VB #</Process><Process ToolSource="C:\Program Files\ArcGIS\Desktop10.0\ArcToolbox\Toolboxes\Data Management Tools.tbx\CalculateField" Date="20110201" Time="104909">CalculateField SWplpc_2010_0914 COUNTY "Allegany" VB #</Process><Process ToolSource="C:\Program Files\ArcGIS\Desktop10.0\ArcToolbox\Toolboxes\Data Management Tools.tbx\CalculateField" Date="20110201" Time="105114">CalculateField SWplpc_2010_0914 COUNTY "Washington" VB #</Process><Process ToolSource="C:\Program Files\ArcGIS\Desktop10.0\ArcToolbox\Toolboxes\Data Management Tools.tbx\CalculateField" Date="20110201" Time="111603">CalculateField SWplpc_2010_0914 COUNTY "Worcester" VB #</Process><Process ToolSource="C:\Program Files\ArcGIS\Desktop10.0\ArcToolbox\Toolboxes\Data Management Tools.tbx\CalculateField" Date="20110201" Time="111733">CalculateField SWplpc_2010_0914 COUNTY "Worcester" VB #</Process><Process ToolSource="C:\Program Files\ArcGIS\Desktop10.0\ArcToolbox\Toolboxes\Data Management Tools.tbx\CalculateField" Date="20110201" Time="112302">CalculateField SWplpc_2010_0914 COUNTY "Wicomico" VB #</Process><Process ToolSource="C:\Program Files\ArcGIS\Desktop10.0\ArcToolbox\Toolboxes\Data Management Tools.tbx\CalculateField" Date="20110201" Time="112459">CalculateField SWplpc_2010_0914 COUNTY "Garrett" VB #</Process><Process ToolSource="C:\Program Files\ArcGIS\Desktop10.0\ArcToolbox\Toolboxes\Data Management Tools.tbx\CalculateField" Date="20110201" Time="112624">CalculateField SWplpc_2010_0914 COUNTY "Charles" VB #</Process><Process ToolSource="C:\Program Files\ArcGIS\Desktop10.0\ArcToolbox\Toolboxes\Data Management Tools.tbx\CalculateField" Date="20110201" Time="124339">CalculateField SWplpc_2010_0914 TNC_INTRST "Easement" VB #</Process><Process ToolSource="C:\Program Files\ArcGIS\Desktop10.0\ArcToolbox\Toolboxes\Data Management Tools.tbx\CalculateField" Date="20110201" Time="124406">CalculateField SWplpc_2010_0914 TNC_INTRST "Fee" VB #</Process><Process ToolSource="C:\Program Files (x86)\ArcGIS\Desktop10.0\ArcToolbox\Toolboxes\Data Management Tools.tbx\CalculateField" Date="20130815" Time="104946">CalculateField "Swplpc - copy for editing" WebLink "http://www.nature.org/" VB #</Process><Process ToolSource="C:\Program Files (x86)\ArcGIS\Desktop10.0\ArcToolbox\Toolboxes\Data Management Tools.tbx\CalculateField" Date="20130815" Time="105029">CalculateField "Swplpc - copy for editing" WebLink "http://www.nature.org/" VB #</Process><Process ToolSource="C:\Program Files (x86)\ArcGIS\Desktop10.0\ArcToolbox\Toolboxes\Data Management Tools.tbx\CalculateField" Date="20130819" Time="110411">CalculateField "Swplpc - copy for editing" COMMENTS "replaced shapes in Nanjemoy Preserve TNC with vectorized parcel shape" VB #</Process><Process ToolSource="C:\Program Files (x86)\ArcGIS\Desktop10.0\ArcToolbox\Toolboxes\Data Management Tools.tbx\CalculateField" Date="20131022" Time="150253">CalculateField "Swplpc - copy for editing" AREA_NAME "Wye Research and Education Center" VB #</Process><Process ToolSource="C:\Program Files (x86)\ArcGIS\Desktop10.0\ArcToolbox\Toolboxes\Data Management Tools.tbx\CalculateField" Date="20131022" Time="150436">CalculateField "Swplpc - copy for editing" COMMENTS "Wye Research and Education Center -99 yr easement" VB #</Process><Process ToolSource="C:\Program Files (x86)\ArcGIS\Desktop10.0\ArcToolbox\Toolboxes\Data Management Tools.tbx\CalculateField" Date="20131022" Time="150619">CalculateField "Swplpc - copy for editing" COMMENTS "Wye Research and Education Center -99 yr property restrictions 2005-2104" VB #</Process><Process ToolSource="C:\Program Files (x86)\ArcGIS\Desktop10.0\ArcToolbox\Toolboxes\Data Management Tools.tbx\CalculateField" Date="20131022" Time="150706">CalculateField "Swplpc - copy for editing" OWNER "MD University Bd of Regents" VB #</Process><Process ToolSource="C:\Program Files (x86)\ArcGIS\Desktop10.0\ArcToolbox\Toolboxes\Data Management Tools.tbx\CalculateField" Date="20131022" Time="150729">CalculateField "Swplpc - copy for editing" COUNTY ""Queen Anne's"" VB #</Process><Process ToolSource="C:\Program Files (x86)\ArcGIS\Desktop10.0\ArcToolbox\Toolboxes\Data Management Tools.tbx\CalculateField" Date="20131022" Time="150809">CalculateField "Swplpc - copy for editing" WebLink "http://extension.umd.edu/wye" VB #</Process><Process ToolSource="C:\Program Files (x86)\ArcGIS\Desktop10.0\ArcToolbox\Toolboxes\Data Management Tools.tbx\CalculateField" Date="20131022" Time="151015">CalculateField "Swplpc - copy for editing" COMMENTS "Aspen Institute for Humanistic Studies, Wye river conference center " VB #</Process><Process ToolSource="C:\Program Files (x86)\ArcGIS\Desktop10.0\ArcToolbox\Toolboxes\Data Management Tools.tbx\CalculateField" Date="20131022" Time="151039">CalculateField "Swplpc - copy for editing" PRI_CON_GP "The Aspen Institute" VB #</Process><Process ToolSource="C:\Program Files (x86)\ArcGIS\Desktop10.0\ArcToolbox\Toolboxes\Data Management Tools.tbx\CalculateField" Date="20131022" Time="151048">CalculateField "Swplpc - copy for editing" OWNER "The Aspen Institute" VB #</Process><Process ToolSource="C:\Program Files (x86)\ArcGIS\Desktop10.0\ArcToolbox\Toolboxes\Data Management Tools.tbx\CalculateField" Date="20131022" Time="151106">CalculateField "Swplpc - copy for editing" AREA_NAME "Aspen Wye River Conference Center" VB #</Process><Process ToolSource="C:\Program Files (x86)\ArcGIS\Desktop10.0\ArcToolbox\Toolboxes\Data Management Tools.tbx\CalculateField" Date="20131022" Time="151132">CalculateField "Swplpc - copy for editing" ACCTID "1805040558" VB #</Process><Process ToolSource="C:\Program Files (x86)\ArcGIS\Desktop10.0\ArcToolbox\Toolboxes\Data Management Tools.tbx\CalculateField" Date="20131022" Time="151211">CalculateField "Swplpc - copy for editing" MAP "0073" VB #</Process><Process ToolSource="C:\Program Files (x86)\ArcGIS\Desktop10.0\ArcToolbox\Toolboxes\Data Management Tools.tbx\CalculateField" Date="20131022" Time="151229">CalculateField "Swplpc - copy for editing" PARCEL "0079" VB #</Process><Process ToolSource="C:\Program Files (x86)\ArcGIS\Desktop10.0\ArcToolbox\Toolboxes\Data Management Tools.tbx\CalculateField" Date="20131022" Time="151251">CalculateField "Swplpc - copy for editing" WebLink "http://www.aspeninstitute.org/" VB #</Process><Process ToolSource="C:\Program Files (x86)\ArcGIS\Desktop10.0\ArcToolbox\Toolboxes\Data Management Tools.tbx\CalculateField" Date="20131022" Time="151915">CalculateField "Swplpc - copy for editing" MPV_ACRES "123.406" VB #</Process><Process ToolSource="C:\Program Files (x86)\ArcGIS\Desktop10.0\ArcToolbox\Toolboxes\Data Management Tools.tbx\CalculateField" Date="20131024" Time="104128">CalculateField "Swplpc - copy for editing" COUNTY "Caroline" VB #</Process><Process ToolSource="C:\Program Files (x86)\ArcGIS\Desktop10.0\ArcToolbox\Toolboxes\Data Management Tools.tbx\CalculateField" Date="20131024" Time="104155">CalculateField "Swplpc - copy for editing" COMMENTS "replaced with shapes from vectorized parcels" VB #</Process><Process ToolSource="C:\Program Files (x86)\ArcGIS\Desktop10.0\ArcToolbox\Toolboxes\Data Management Tools.tbx\CalculateField" Date="20131028" Time="144853">CalculateField "Swplpc - copy for editing" COUNTY "Wicomico" VB #</Process><Process ToolSource="C:\Program Files (x86)\ArcGIS\Desktop10.0\ArcToolbox\Toolboxes\Data Management Tools.tbx\CalculateField" Date="20131028" Time="144915">CalculateField "Swplpc - copy for editing" OWNER "The Nature Conservancy (TNC)" VB #</Process><Process ToolSource="C:\Program Files (x86)\ArcGIS\Desktop10.0\ArcToolbox\Toolboxes\Data Management Tools.tbx\CalculateField" Date="20131028" Time="144944">CalculateField "Swplpc - copy for editing" PRI_CON_GP "The Nature Conservancy" VB #</Process><Process ToolSource="C:\Program Files (x86)\ArcGIS\Desktop10.0\ArcToolbox\Toolboxes\Data Management Tools.tbx\CalculateField" Date="20131028" Time="145230">CalculateField "Swplpc - copy for editing" AREA_NAME "Nanticoke River Preserve - Plum Creek Cedar Swamp" VB #</Process><Process ToolSource="C:\Program Files (x86)\ArcGIS\Desktop10.0\ArcToolbox\Toolboxes\Data Management Tools.tbx\CalculateField" Date="20131028" Time="145331">CalculateField "Swplpc - copy for editing" WebLink "http://www.nature.org/" VB #</Process><Process ToolSource="C:\Program Files (x86)\ArcGIS\Desktop10.0\ArcToolbox\Toolboxes\Data Management Tools.tbx\CalculateField" Date="20131028" Time="145442">CalculateField "Swplpc - copy for editing" MD_Intenti "keep fee" VB #</Process><Process ToolSource="C:\Program Files (x86)\ArcGIS\Desktop10.0\ArcToolbox\Toolboxes\Data Management Tools.tbx\CalculateField" Date="20131028" Time="145543">CalculateField "Swplpc - copy for editing" CLS_TRACTN "Owens (1 Div)" VB #</Process><Process ToolSource="C:\Program Files (x86)\ArcGIS\Desktop10.0\ArcToolbox\Toolboxes\Data Management Tools.tbx\CalculateField" Date="20131029" Time="104554">CalculateField "Swplpc - copy for editing" COMMENTS "replaced with shapes from vectorized parcels" VB #</Process><Process ToolSource="C:\Program Files (x86)\ArcGIS\Desktop10.0\ArcToolbox\Toolboxes\Data Management Tools.tbx\CalculateField" Date="20131108" Time="090415">CalculateField "Swplpc - copy for editing" COUNTY "Worcester" VB #</Process><Process ToolSource="C:\Program Files (x86)\ArcGIS\Desktop10.0\ArcToolbox\Toolboxes\Data Management Tools.tbx\CalculateField" Date="20131108" Time="090515">CalculateField "Swplpc - copy for editing" PRI_CON_GP "The Nature Conservancy" VB #</Process><Process ToolSource="C:\Program Files (x86)\ArcGIS\Desktop10.0\ArcToolbox\Toolboxes\Data Management Tools.tbx\CalculateField" Date="20131108" Time="090549">CalculateField "Swplpc - copy for editing" COMMENTS "used digital shapes from the Nature Conservancy" VB #</Process><Process ToolSource="C:\Program Files (x86)\ArcGIS\Desktop10.0\ArcToolbox\Toolboxes\Data Management Tools.tbx\CalculateField" Date="20131108" Time="090613">CalculateField "Swplpc - copy for editing" OWNER "The Nature Conservancy (TNC)" VB #</Process><Process ToolSource="C:\Program Files (x86)\ArcGIS\Desktop10.0\ArcToolbox\Toolboxes\Data Management Tools.tbx\CalculateField" Date="20131108" Time="090639">CalculateField "Swplpc - copy for editing" WebLink "http://www.nature.org/" VB #</Process></lineage></DataProperties><SyncDate>20100914</SyncDate><SyncTime>11492000</SyncTime><ModDate>20100914</ModDate><ModTime>11492000</ModTime><ArcGISFormat>1.0</ArcGISFormat></Esri><idinfo><citation><citeinfo><onlink Sync="TRUE"></onlink><origin>REQUIRED: The name of an organization or individual that developed the data set.</origin><pubdate>REQUIRED: The date when the data set is published or otherwise made available for release.</pubdate><title Sync="TRUE">SWplpc_NoSmith_TNC20100721_Merge</title><ftname Sync="TRUE">SWplpc_NoSmith_TNC20100721_Merge</ftname><geoform Sync="TRUE">vector digital data</geoform></citeinfo></citation><native Sync="TRUE">Microsoft Windows XP Version 5.1 (Build 2600) Service Pack 3; ESRI ArcCatalog 9.3.1.3000</native><descript><langdata Sync="TRUE">en</langdata><abstract>REQUIRED: A brief narrative summary of the data set.</abstract><purpose>REQUIRED: A summary of the intentions with which the data set was developed.</purpose></descript><timeperd><current>REQUIRED: The basis on which the time period of content information is determined.</current><timeinfo><sngdate><caldate>REQUIRED: The year (and optionally month, or month and day) for which the data set corresponds to the ground.</caldate></sngdate></timeinfo></timeperd><status><progress>REQUIRED: The state of the data set.</progress><update>REQUIRED: The frequency with which changes and additions are made to the data set after the initial data set is completed.</update></status><spdom><bounding><westbc Sync="TRUE">REQUIRED: Western-most coordinate of the limit of coverage expressed in longitude.</westbc><eastbc Sync="TRUE">REQUIRED: Eastern-most coordinate of the limit of coverage expressed in longitude.</eastbc><northbc Sync="TRUE">REQUIRED: Northern-most coordinate of the limit of coverage expressed in latitude.</northbc><southbc Sync="TRUE">REQUIRED: Southern-most coordinate of the limit of coverage expressed in latitude.</southbc></bounding></spdom><keywords><theme><themekt>REQUIRED: Reference to a formally registered thesaurus or a similar authoritative source of theme keywords.</themekt><themekey>REQUIRED: Common-use word or phrase used to describe the subject of the data set.</themekey></theme></keywords><accconst>REQUIRED: Restrictions and legal prerequisites for accessing the data set.</accconst><useconst>REQUIRED: Restrictions and legal prerequisites for using the data set after access is granted.</useconst><natvform Sync="TRUE">Shapefile</natvform></idinfo><distInfo><distributor><distorTran><onLineSrc><linkage Sync="TRUE">file://</linkage><protocol Sync="TRUE">Local Area Network</protocol><orDesc Sync="TRUE">002</orDesc></onLineSrc><transSize Sync="TRUE">0.000</transSize></distorTran><distorFormat><formatName Sync="TRUE">Shapefile</formatName></distorFormat></distributor></distInfo><dataqual><lineage><procstep><procdesc Sync="TRUE">Dataset copied.</procdesc><srcused Sync="TRUE"></srcused><date Sync="TRUE">20070911</date><time Sync="TRUE">15041300</time></procstep><procstep><procdesc Sync="TRUE">Dataset copied.</procdesc><srcused Sync="TRUE"></srcused><procdate Sync="TRUE">20091118</procdate><proctime Sync="TRUE">13183300</proctime></procstep><procstep><procdesc Sync="TRUE">Dataset copied.</procdesc><srcused Sync="TRUE"></srcused><procdate Sync="TRUE">20091118</procdate><proctime Sync="TRUE">14112200</proctime></procstep><procstep><procdesc Sync="TRUE">Dataset copied.</procdesc><srcused Sync="TRUE"></srcused><procdate Sync="TRUE">20100914</procdate><proctime Sync="TRUE">10240900</proctime></procstep><procstep><procdesc Sync="TRUE">Dataset copied.</procdesc><srcused Sync="TRUE"></srcused><procdate Sync="TRUE">20100914</procdate><proctime Sync="TRUE">11425200</proctime></procstep><procstep><procdesc Sync="TRUE">Dataset copied.</procdesc><srcused Sync="TRUE"></srcused><procdate Sync="TRUE">20100914</procdate><proctime Sync="TRUE">11454600</proctime></procstep><procstep><procdesc Sync="TRUE">Dataset copied.</procdesc><srcused Sync="TRUE"></srcused><procdate Sync="TRUE">20100914</procdate><proctime Sync="TRUE">11511100</proctime></procstep></lineage></dataqual><dataIdInfo><envirDesc Sync="TRUE">Microsoft Windows XP Version 5.1 (Build 2600) Service Pack 3; ESRI ArcCatalog 9.3.1.3000</envirDesc><dataLang><languageCode Sync="TRUE" value="en"></languageCode></dataLang><idCitation><resTitle Sync="TRUE">SWplpc_NoSmith_TNC20100721_Merge</resTitle><presForm><PresFormCd Sync="TRUE" value="005"></PresFormCd></presForm></idCitation><spatRpType><SpatRepTypCd Sync="TRUE" value="001"></SpatRepTypCd></spatRpType></dataIdInfo><metainfo><langmeta Sync="TRUE">en</langmeta><metstdn Sync="TRUE">FGDC Content Standards for Digital Geospatial Metadata</metstdn><metstdv Sync="TRUE">FGDC-STD-001-1998</metstdv><mettc Sync="TRUE">local time</mettc><metc><cntinfo><cntorgp><cntper>REQUIRED: The person responsible for the metadata information.</cntper><cntorg>REQUIRED: The organization responsible for the metadata information.</cntorg></cntorgp><cntaddr><addrtype>REQUIRED: The mailing and/or physical address for the organization or individual.</addrtype><city>REQUIRED: The city of the address.</city><state>REQUIRED: The state or province of the address.</state><postal>REQUIRED: The ZIP or other postal code of the address.</postal></cntaddr><cntvoice>REQUIRED: The telephone number by which individuals can speak to the organization or individual.</cntvoice></cntinfo></metc><metd Sync="TRUE">20100914</metd><metextns><onlink Sync="TRUE">http://www.esri.com/metadata/esriprof80.html</onlink><metprof Sync="TRUE">ESRI Metadata Profile</metprof></metextns></metainfo><mdLang><languageCode Sync="TRUE" value="en"></languageCode></mdLang><mdStanName Sync="TRUE">ISO 19115 Geographic Information - Metadata</mdStanName><mdStanVer Sync="TRUE">DIS_ESRI1.0</mdStanVer><mdChar><CharSetCd Sync="TRUE" value="004"></CharSetCd></mdChar><mdHrLv><ScopeCd Sync="TRUE" value="005"></ScopeCd></mdHrLv><mdHrLvName Sync="TRUE">dataset</mdHrLvName><distinfo><resdesc Sync="TRUE">Downloadable Data</resdesc><stdorder><digform><digtinfo><transize Sync="TRUE">0.000</transize><dssize Sync="TRUE">0.000</dssize></digtinfo></digform></stdorder></distinfo><spdoinfo><direct Sync="TRUE">Vector</direct><ptvctinf><esriterm Name="SWplpc_NoSmith_TNC20100721_Merge"><efeatyp Sync="TRUE">Simple</efeatyp><efeageom Sync="TRUE">Polygon</efeageom><esritopo Sync="TRUE">FALSE</esritopo><efeacnt Sync="TRUE">0</efeacnt><spindex Sync="TRUE">FALSE</spindex><linrefer Sync="TRUE">FALSE</linrefer></esriterm><sdtsterm Name="SWplpc_NoSmith_TNC20100721_Merge"><sdtstype Sync="TRUE">G-polygon</sdtstype><ptvctcnt Sync="TRUE">0</ptvctcnt></sdtsterm></ptvctinf></spdoinfo><spref><horizsys><cordsysn><geogcsn Sync="TRUE">GCS_North_American_1983</geogcsn><projcsn Sync="TRUE">NAD_1983_StatePlane_Maryland_FIPS_1900</projcsn></cordsysn><planar><planci><plance Sync="TRUE">coordinate pair</plance><plandu Sync="TRUE">meters</plandu><coordrep><absres Sync="TRUE">0.000000</absres><ordres Sync="TRUE">0.000000</ordres></coordrep></planci><gridsys><gridsysn Sync="TRUE">State Plane Coordinate System 1983</gridsysn><spcs><spcszone Sync="TRUE">1900</spcszone><lambertc><stdparll Sync="TRUE">38.300000</stdparll><stdparll Sync="TRUE">39.450000</stdparll><longcm Sync="TRUE">-77.000000</longcm><latprjo Sync="TRUE">37.666667</latprjo><feast Sync="TRUE">400000.000000</feast><fnorth Sync="TRUE">0.000000</fnorth></lambertc></spcs></gridsys></planar><geodetic><horizdn Sync="TRUE">North American Datum of 1983</horizdn><ellips Sync="TRUE">Geodetic Reference System 80</ellips><semiaxis Sync="TRUE">6378137.000000</semiaxis><denflat Sync="TRUE">298.257222</denflat></geodetic></horizsys></spref><refSysInfo><RefSystem><refSysID><identCode Sync="TRUE">NAD_1983_StatePlane_Maryland_FIPS_1900</identCode></refSysID></RefSystem></refSysInfo><spatRepInfo><VectSpatRep><topLvl><TopoLevCd Sync="TRUE" value="001"></TopoLevCd></topLvl><geometObjs Name="SWplpc_NoSmith_TNC20100721_Merge"><geoObjTyp><GeoObjTypCd Sync="TRUE" value="001"></GeoObjTypCd></geoObjTyp><geoObjCnt Sync="TRUE">0</geoObjCnt></geometObjs></VectSpatRep></spatRepInfo><eainfo><detailed Name="SWplpc_NoSmith_TNC20100721_Merge"><enttyp><enttypl Sync="TRUE">SWplpc_NoSmith_TNC20100721_Merge</enttypl><enttypt Sync="TRUE">Feature Class</enttypt><enttypc Sync="TRUE">0</enttypc></enttyp><attr><attrlabl Sync="TRUE">FID</attrlabl><attalias Sync="TRUE">FID</attalias><attrtype Sync="TRUE">OID</attrtype><attwidth Sync="TRUE">4</attwidth><atprecis Sync="TRUE">0</atprecis><attscale Sync="TRUE">0</attscale><attrdef Sync="TRUE">Internal feature number.</attrdef><attrdefs Sync="TRUE">ESRI</attrdefs><attrdomv><udom Sync="TRUE">Sequential unique whole numbers that are automatically generated.</udom></attrdomv></attr><attr><attrlabl Sync="TRUE">Shape</attrlabl><attalias Sync="TRUE">Shape</attalias><attrtype Sync="TRUE">Geometry</attrtype><attwidth Sync="TRUE">0</attwidth><atprecis Sync="TRUE">0</atprecis><attscale Sync="TRUE">0</attscale><attrdef Sync="TRUE">Feature geometry.</attrdef><attrdefs Sync="TRUE">ESRI</attrdefs><attrdomv><udom Sync="TRUE">Coordinates defining the features.</udom></attrdomv></attr><attr><attrlabl Sync="TRUE">COMMENTS</attrlabl><attalias Sync="TRUE">COMMENTS</attalias><attrtype Sync="TRUE">String</attrtype><attwidth Sync="TRUE">254</attwidth></attr><attr><attrlabl Sync="TRUE">PRI_CON_GP</attrlabl><attalias Sync="TRUE">PRI_CON_GP</attalias><attrtype Sync="TRUE">String</attrtype><attwidth Sync="TRUE">254</attwidth></attr><attr><attrlabl Sync="TRUE">AREA</attrlabl><attalias Sync="TRUE">AREA</attalias><attrtype Sync="TRUE">Number</attrtype><attwidth Sync="TRUE">19</attwidth><atnumdec Sync="TRUE">3</atnumdec></attr><attr><attrlabl Sync="TRUE">OWNER</attrlabl><attalias Sync="TRUE">OWNER</attalias><attrtype Sync="TRUE">String</attrtype><attwidth Sync="TRUE">35</attwidth></attr><attr><attrlabl Sync="TRUE">COUNTY</attrlabl><attalias Sync="TRUE">COUNTY</attalias><attrtype Sync="TRUE">String</attrtype><attwidth Sync="TRUE">254</attwidth></attr><attr><attrlabl Sync="TRUE">AREA_NAME</attrlabl><attalias Sync="TRUE">AREA_NAME</attalias><attrtype Sync="TRUE">String</attrtype><attwidth Sync="TRUE">50</attwidth></attr><attr><attrlabl Sync="TRUE">FEE_OWNER</attrlabl><attalias Sync="TRUE">FEE_OWNER</attalias><attrtype Sync="TRUE">String</attrtype><attwidth Sync="TRUE">25</attwidth></attr><attr><attrlabl Sync="TRUE">FEE_ORGTYP</attrlabl><attalias Sync="TRUE">FEE_ORGTYP</attalias><attrtype Sync="TRUE">String</attrtype><attwidth Sync="TRUE">3</attwidth></attr><attr><attrlabl Sync="TRUE">INT_HOLDER</attrlabl><attalias Sync="TRUE">INT_HOLDER</attalias><attrtype Sync="TRUE">String</attrtype><attwidth Sync="TRUE">50</attwidth></attr><attr><attrlabl Sync="TRUE">INT_ORGTYP</attrlabl><attalias Sync="TRUE">INT_ORGTYP</attalias><attrtype Sync="TRUE">String</attrtype><attwidth Sync="TRUE">3</attwidth></attr><attr><attrlabl Sync="TRUE">INT_TYPE</attrlabl><attalias Sync="TRUE">INT_TYPE</attalias><attrtype Sync="TRUE">String</attrtype><attwidth Sync="TRUE">3</attwidth></attr><attr><attrlabl Sync="TRUE">GAP_STATUS</attrlabl><attalias Sync="TRUE">GAP_STATUS</attalias><attrtype Sync="TRUE">Number</attrtype><attwidth Sync="TRUE">4</attwidth></attr><attr><attrlabl Sync="TRUE">STATE_PROV</attrlabl><attalias Sync="TRUE">STATE_PROV</attalias><attrtype Sync="TRUE">String</attrtype><attwidth Sync="TRUE">2</attwidth></attr><attr><attrlabl Sync="TRUE">TNC_INTRST</attrlabl><attalias Sync="TRUE">TNC_INTRST</attalias><attrtype Sync="TRUE">String</attrtype><attwidth Sync="TRUE">8</attwidth></attr><attr><attrlabl Sync="TRUE">ACCTID</attrlabl><attalias Sync="TRUE">ACCTID</attalias><attrtype Sync="TRUE">String</attrtype><attwidth Sync="TRUE">254</attwidth></attr><attr><attrlabl Sync="TRUE">MAP</attrlabl><attalias Sync="TRUE">MAP</attalias><attrtype Sync="TRUE">String</attrtype><attwidth Sync="TRUE">254</attwidth></attr><attr><attrlabl Sync="TRUE">MPV_ACRES</attrlabl><attalias Sync="TRUE">MPV_ACRES</attalias><attrtype Sync="TRUE">Float</attrtype><attwidth Sync="TRUE">19</attwidth><atnumdec Sync="TRUE">11</atnumdec></attr><attr><attrlabl Sync="TRUE">PARCEL</attrlabl><attalias Sync="TRUE">PARCEL</attalias><attrtype Sync="TRUE">String</attrtype><attwidth Sync="TRUE">254</attwidth></attr><attr><attrlabl Sync="TRUE">LOT</attrlabl><attalias Sync="TRUE">LOT</attalias><attrtype Sync="TRUE">String</attrtype><attwidth Sync="TRUE">254</attwidth></attr><attr><attrlabl Sync="TRUE">GIS_ACRES</attrlabl><attalias Sync="TRUE">GIS_ACRES</attalias><attrtype Sync="TRUE">Number</attrtype><attwidth Sync="TRUE">11</attwidth><atnumdec Sync="TRUE">2</atnumdec></attr><attr><attrlabl Sync="TRUE">DATE_CONSV</attrlabl><attalias Sync="TRUE">DATE_CONSV</attalias><attrtype Sync="TRUE">Number</attrtype><attwidth Sync="TRUE">8</attwidth></attr><attr><attrlabl Sync="TRUE">DATEC_PREC</attrlabl><attalias Sync="TRUE">DATEC_PREC</attalias><attrtype Sync="TRUE">String</attrtype><attwidth Sync="TRUE">5</attwidth></attr><attr><attrlabl Sync="TRUE">DESIGNAT</attrlabl><attalias Sync="TRUE">DESIGNAT</attalias><attrtype Sync="TRUE">String</attrtype><attwidth Sync="TRUE">3</attwidth></attr><attr><attrlabl Sync="TRUE">SDESIGNAT</attrlabl><attalias Sync="TRUE">SDESIGNAT</attalias><attrtype Sync="TRUE">String</attrtype><attwidth Sync="TRUE">10</attwidth></attr><attr><attrlabl Sync="TRUE">LEGAL_ACRE</attrlabl><attalias Sync="TRUE">LEGAL_ACRE</attalias><attrtype Sync="TRUE">Float</attrtype><attwidth Sync="TRUE">19</attwidth><atnumdec Sync="TRUE">11</atnumdec></attr><attr><attrlabl Sync="TRUE">CHG_GEOG</attrlabl><attalias Sync="TRUE">CHG_GEOG</attalias><attrtype Sync="TRUE">String</attrtype><attwidth Sync="TRUE">4</attwidth></attr><attr><attrlabl Sync="TRUE">MAX_MAP_SC</attrlabl><attalias Sync="TRUE">MAX_MAP_SC</attalias><attrtype Sync="TRUE">Number</attrtype><attwidth Sync="TRUE">9</attwidth></attr><attr><attrlabl Sync="TRUE">RESTR_COMM</attrlabl><attalias Sync="TRUE">RESTR_COMM</attalias><attrtype Sync="TRUE">String</attrtype><attwidth Sync="TRUE">50</attwidth></attr><attr><attrlabl Sync="TRUE">REST_DATA</attrlabl><attalias Sync="TRUE">REST_DATA</attalias><attrtype Sync="TRUE">String</attrtype><attwidth Sync="TRUE">2</attwidth></attr><attr><attrlabl Sync="TRUE">CITATION</attrlabl><attalias Sync="TRUE">CITATION</attalias><attrtype Sync="TRUE">String</attrtype><attwidth Sync="TRUE">100</attwidth></attr><attr><attrlabl Sync="TRUE">SOURCE</attrlabl><attalias Sync="TRUE">SOURCE</attalias><attrtype Sync="TRUE">String</attrtype><attwidth Sync="TRUE">100</attwidth></attr><attr><attrlabl Sync="TRUE">CLS_TRACTI</attrlabl><attalias Sync="TRUE">CLS_TRACTI</attalias><attrtype Sync="TRUE">Float</attrtype><attwidth Sync="TRUE">19</attwidth><atnumdec Sync="TRUE">11</atnumdec></attr><attr><attrlabl Sync="TRUE">CLS_MABRID</attrlabl><attalias Sync="TRUE">CLS_MABRID</attalias><attrtype Sync="TRUE">Float</attrtype><attwidth Sync="TRUE">19</attwidth><atnumdec Sync="TRUE">11</atnumdec></attr><attr><attrlabl Sync="TRUE">CLS_TRACTN</attrlabl><attalias Sync="TRUE">CLS_TRACTN</attalias><attrtype Sync="TRUE">String</attrtype><attwidth Sync="TRUE">100</attwidth></attr><attr><attrlabl Sync="TRUE">MD_EditDat</attrlabl><attalias Sync="TRUE">MD_EditDat</attalias><attrtype Sync="TRUE">Number</attrtype><attwidth Sync="TRUE">9</attwidth></attr><attr><attrlabl Sync="TRUE">MD_Intenti</attrlabl><attalias Sync="TRUE">MD_Intenti</attalias><attrtype Sync="TRUE">String</attrtype><attwidth Sync="TRUE">25</attwidth></attr><attr><attrlabl Sync="TRUE">MD_SourceN</attrlabl><attalias Sync="TRUE">MD_SourceN</attalias><attrtype Sync="TRUE">String</attrtype><attwidth Sync="TRUE">30</attwidth></attr><attr><attrlabl Sync="TRUE">MD_SourceD</attrlabl><attalias Sync="TRUE">MD_SourceD</attalias><attrtype Sync="TRUE">Number</attrtype><attwidth Sync="TRUE">9</attwidth></attr></detailed></eainfo><mdDateSt Sync="TRUE">20100914</mdDateSt></metadata>
