<?xml version="1.0"?>
<!--<!DOCTYPE metadata SYSTEM "http://www.esri.com/metadata/esriprof80.dtd">-->
<metadata xml:lang="en"><Esri><CreaDate>20140403</CreaDate><CreaTime>14055900</CreaTime><SyncOnce>FALSE</SyncOnce><DataProperties><lineage><Process ToolSource="C:\Program Files\ArcGIS\ArcToolbox\Toolboxes\Data Management Tools.tbx\AddField" Date="20090330" Time="083112">AddField RL_BPW_Prop MPVAcres LONG # # # # NON_NULLABLE NON_REQUIRED # RL_BPW_Prop</Process><Process ToolSource="C:\Program Files\ArcGIS\ArcToolbox\Toolboxes\Data Management Tools.tbx\AddField" Date="20090330" Time="083341">AddField RL_BPW_Prop MPVAcres DOUBLE # # # # NON_NULLABLE NON_REQUIRED # RL_BPW_Prop</Process><Process ToolSource="C:\Program Files\ArcGIS\ArcToolbox\Toolboxes\Data Management Tools.tbx\AddField" Date="20090330" Time="083849">AddField RL_BPW_Prop Acres DOUBLE # # # # NON_NULLABLE NON_REQUIRED # RL_BPW_Prop</Process><Process ToolSource="C:\Program Files\ArcGIS\ArcToolbox\Toolboxes\Data Management Tools.tbx\AddField" Date="20090330" Time="084238">AddField RL_BPW_Prop AcresPrj DOUBLE # # # # NON_NULLABLE NON_REQUIRED # RL_BPW_Prop</Process><Process ToolSource="C:\Program Files\ArcGIS\ArcToolbox\Toolboxes\Data Management Tools.tbx\Merge" Date="20090414" Time="114835">Merge RL_BPW_Prop;WORLadd_change R:\RLproperties\RL_BPW_Prop_Merge1.shp "AREA 'AREA' true true false 19 Double 3 18 ,First,#,RL_BPW_Prop,AREA,-1,-1;PERIMETER 'PERIMETER' true true false 19 Double 3 18 ,First,#,RL_BPW_Prop,PERIMETER,-1,-1;NAME 'NAME' true true false 50 Text 0 0 ,First,#,RL_BPW_Prop,NAME,-1,-1;MAP 'MAP' true true false 4 Text 0 0 ,First,#,RL_BPW_Prop,MAP,-1,-1,WORLadd_change,MAP,-1,-1;PARCEL 'PARCEL' true true false 4 Text 0 0 ,First,#,RL_BPW_Prop,PARCEL,-1,-1,WORLadd_change,PARCEL,-1,-1;LOT 'LOT' true true false 4 Text 0 0 ,First,#,RL_BPW_Prop,LOT,-1,-1,WORLadd_change,LOT,-1,-1;ACCTID 'ACCTID' true true false 15 Text 0 0 ,First,#,RL_BPW_Prop,ACCTID,-1,-1;STATUS 'STATUS' true true false 30 Text 0 0 ,First,#,RL_BPW_Prop,STATUS,-1,-1;NOTES 'NOTES' true true false 100 Text 0 0 ,First,#,RL_BPW_Prop,NOTES,-1,-1;P_O_PARCEL 'P_O_PARCEL' true true false 10 Text 0 0 ,First,#,RL_BPW_Prop,P_O_PARCEL,-1,-1;PROPVW_YR 'PROPVW_YR' true true false 10 Text 0 0 ,First,#,RL_BPW_Prop,PROPVW_YR,-1,-1;XCENT 'XCENT' true true false 19 Double 11 18 ,First,#,RL_BPW_Prop,XCENT,-1,-1;YCENT 'YCENT' true true false 19 Double 11 18 ,First,#,RL_BPW_Prop,YCENT,-1,-1;GISACRES 'GISACRES' true true false 19 Double 11 18 ,First,#,RL_BPW_Prop,GISACRES,-1,-1;TEA 'TEA' true true false 254 Text 0 0 ,First,#,RL_BPW_Prop,TEA,-1,-1;TribBasin 'TribBasin' true true false 254 Text 0 0 ,First,#,RL_BPW_Prop,TribBasin,-1,-1;CNTY 'CNTY' true true false 4 Text 0 0 ,First,#,RL_BPW_Prop,CNTY,-1,-1;BPWDate 'BPWDate' true true false 8 Date 0 0 ,First,#,RL_BPW_Prop,BPWDate,-1,-1;BPWAmount 'BPWAmount' true true false 19 Double 0 0 ,First,#,RL_BPW_Prop,BPWAmount,-1,-1;RLArea 'RLArea' true true false 254 Text 0 0 ,First,#,RL_BPW_Prop,RLArea,-1,-1;County 'County' true true false 254 Text 0 0 ,First,#,RL_BPW_Prop,County,-1,-1;MPVAcres 'MPVAcres' true true false 19 Double 0 0 ,First,#,RL_BPW_Prop,MPVAcres,-1,-1;Acres 'Acres' true true false 19 Double 0 0 ,First,#,RL_BPW_Prop,Acres,-1,-1;AcresPrj 'AcresPrj' true true false 19 Double 0 0 ,First,#,RL_BPW_Prop,AcresPrj,-1,-1"</Process><Process ToolSource="C:\Program Files\ArcGIS\ArcToolbox\Toolboxes\Data Management Tools.tbx\Merge" Date="20090831" Time="143629">Merge RL_BPW_Prop;CAMyers R:\RLproperties\RL_BPW_Prop_Merge.shp "AREA 'AREA' true true false 19 Double 3 18 ,First,#,RL_BPW_Prop,AREA,-1,-1,CAMyers,AREA,-1,-1;PERIMETER 'PERIMETER' true true false 19 Double 3 18 ,First,#,RL_BPW_Prop,PERIMETER,-1,-1,CAMyers,PERIMETER,-1,-1;NAME 'NAME' true true false 50 Text 0 0 ,First,#,RL_BPW_Prop,NAME,-1,-1,CAMyers,NAME,-1,-1;MAP 'MAP' true true false 4 Text 0 0 ,First,#,RL_BPW_Prop,MAP,-1,-1,CAMyers,MAP,-1,-1;PARCEL 'PARCEL' true true false 4 Text 0 0 ,First,#,RL_BPW_Prop,PARCEL,-1,-1,CAMyers,PARCEL,-1,-1;LOT 'LOT' true true false 4 Text 0 0 ,First,#,RL_BPW_Prop,LOT,-1,-1,CAMyers,LOT,-1,-1;ACCTID 'ACCTID' true true false 15 Text 0 0 ,First,#,RL_BPW_Prop,ACCTID,-1,-1,CAMyers,ACCTID,-1,-1;STATUS 'STATUS' true true false 30 Text 0 0 ,First,#,RL_BPW_Prop,STATUS,-1,-1,CAMyers,STATUS,-1,-1;NOTES 'NOTES' true true false 100 Text 0 0 ,First,#,RL_BPW_Prop,NOTES,-1,-1,CAMyers,NOTES,-1,-1;P_O_PARCEL 'P_O_PARCEL' true true false 10 Text 0 0 ,First,#,RL_BPW_Prop,P_O_PARCEL,-1,-1,CAMyers,P_O_PARCEL,-1,-1;PROPVW_YR 'PROPVW_YR' true true false 10 Text 0 0 ,First,#,RL_BPW_Prop,PROPVW_YR,-1,-1,CAMyers,PROPVW_YR,-1,-1;XCENT 'XCENT' true true false 19 Double 11 18 ,First,#,RL_BPW_Prop,XCENT,-1,-1,CAMyers,xcent,-1,-1;YCENT 'YCENT' true true false 19 Double 11 18 ,First,#,RL_BPW_Prop,YCENT,-1,-1,CAMyers,ycent,-1,-1;GISACRES 'GISACRES' true true false 19 Double 11 18 ,First,#,RL_BPW_Prop,GISACRES,-1,-1,CAMyers,GISacres,-1,-1;TEA 'TEA' true true false 254 Text 0 0 ,First,#,RL_BPW_Prop,TEA,-1,-1;TribBasin 'TribBasin' true true false 254 Text 0 0 ,First,#,RL_BPW_Prop,TribBasin,-1,-1;CNTY 'CNTY' true true false 4 Text 0 0 ,First,#,RL_BPW_Prop,CNTY,-1,-1;BPWDate 'BPWDate' true true false 8 Date 0 0 ,First,#,RL_BPW_Prop,BPWDate,-1,-1;BPWAmount 'BPWAmount' true true false 19 Double 0 0 ,First,#,RL_BPW_Prop,BPWAmount,-1,-1;RLArea 'RLArea' true true false 254 Text 0 0 ,First,#,RL_BPW_Prop,RLArea,-1,-1;County 'County' true true false 254 Text 0 0 ,First,#,RL_BPW_Prop,County,-1,-1,CAMyers,COUNTY,-1,-1;MPVAcres 'MPVAcres' true true false 19 Double 0 0 ,First,#,RL_BPW_Prop,MPVAcres,-1,-1;Acres 'Acres' true true false 19 Double 0 0 ,First,#,RL_BPW_Prop,Acres,-1,-1,CAMyers,ACRES,-1,-1;AcresPrj 'AcresPrj' true true false 19 Double 0 0 ,First,#,RL_BPW_Prop,AcresPrj,-1,-1"</Process><Process ToolSource="C:\Program Files\ArcGIS\ArcToolbox\Toolboxes\Data Management Tools.tbx\RemoveJoin" Date="20101005" Time="133723">RemoveJoin RL_BPW_Prop Sheet1$ RL_BPW_Prop</Process><Process ToolSource="C:\Program Files\ArcGIS\Desktop10.0\ArcToolbox\Toolboxes\Data Management Tools.tbx\CalculateField" Date="20110223" Time="131731">CalculateField RL_BPW_Prop STATUS "Protected" VB #</Process><Process ToolSource="C:\Program Files\ArcGIS\Desktop10.0\ArcToolbox\Toolboxes\Data Management Tools.tbx\CalculateField" Date="20110325" Time="091737">CalculateField RL_BPW_Prop RLArea "not a Rural Legacy Area" VB #</Process><Process ToolSource="C:\Program Files\ArcGIS\Desktop10.0\ArcToolbox\Toolboxes\Data Management Tools.tbx\CalculateField" Date="20110420" Time="114124">CalculateField RL_BPW_Prop STATUS "Protected" VB #</Process><Process ToolSource="C:\Program Files\ArcGIS\Desktop10.0\ArcToolbox\Toolboxes\Data Management Tools.tbx\CalculateField" Date="20110420" Time="114146">CalculateField RL_BPW_Prop BPWDate "4/20/2011" VB #</Process><Process ToolSource="C:\Program Files\ArcGIS\Desktop10.0\ArcToolbox\Toolboxes\Data Management Tools.tbx\CalculateField" Date="20110420" Time="114222">CalculateField RL_BPW_Prop Acres "151.5349" VB #</Process><Process ToolSource="C:\Program Files\ArcGIS\Desktop10.0\ArcToolbox\Toolboxes\Data Management Tools.tbx\CalculateField" Date="20110420" Time="114231">CalculateField RL_BPW_Prop AcresPrj "151.5349" VB #</Process><Process ToolSource="C:\Program Files\ArcGIS\Desktop10.0\ArcToolbox\Toolboxes\Data Management Tools.tbx\CalculateField" Date="20110420" Time="125112">CalculateField RL_BPW_Prop BPWAmount "434704.79" VB #</Process><Process ToolSource="C:\Program Files\ArcGIS\Desktop10.0\ArcToolbox\Toolboxes\Data Management Tools.tbx\CalculateField" Date="20110420" Time="125152">CalculateField RL_BPW_Prop BPWAmount "518299.68" VB #</Process><Process ToolSource="C:\Program Files\ArcGIS\Desktop10.0\ArcToolbox\Toolboxes\Data Management Tools.tbx\CalculateField" Date="20110420" Time="125229">CalculateField RL_BPW_Prop BPWAmount "199463.16" VB #</Process><Process ToolSource="C:\Program Files\ArcGIS\Desktop10.0\ArcToolbox\Toolboxes\Data Management Tools.tbx\CalculateField" Date="20110420" Time="125319">CalculateField RL_BPW_Prop BPWAmount "946667.75" VB #</Process><Process ToolSource="C:\Program Files\ArcGIS\Desktop10.0\ArcToolbox\Toolboxes\Data Management Tools.tbx\CalculateField" Date="20110602" Time="082137">CalculateField RL_BPW_Prop BPWDate "6/1/2011" VB #</Process><Process ToolSource="C:\Program Files\ArcGIS\Desktop10.0\ArcToolbox\Toolboxes\Data Management Tools.tbx\CalculateField" Date="20110602" Time="082202">CalculateField RL_BPW_Prop BPWAmount "193798.25" VB #</Process><Process ToolSource="C:\Program Files\ArcGIS\Desktop10.0\ArcToolbox\Toolboxes\Data Management Tools.tbx\CalculateField" Date="20110602" Time="082317">CalculateField RL_BPW_Prop BPWDate "6/1/2011" VB #</Process><Process ToolSource="C:\Program Files\ArcGIS\Desktop10.0\ArcToolbox\Toolboxes\Data Management Tools.tbx\CalculateField" Date="20110602" Time="082345">CalculateField RL_BPW_Prop BPWAmount "616857.37" VB #</Process><Process ToolSource="C:\Program Files\ArcGIS\Desktop10.0\ArcToolbox\Toolboxes\Data Management Tools.tbx\CalculateField" Date="20110719" Time="121932">CalculateField RL_BPW_Prop STATUS "Protected" VB #</Process><Process ToolSource="C:\Program Files\ArcGIS\Desktop10.0\ArcToolbox\Toolboxes\Data Management Tools.tbx\CalculateField" Date="20110728" Time="075553">CalculateField RL_BPW_Prop Acres "268.418" VB #</Process><Process ToolSource="C:\Program Files\ArcGIS\Desktop10.0\ArcToolbox\Toolboxes\Data Management Tools.tbx\CalculateField" Date="20110728" Time="075601">CalculateField RL_BPW_Prop AcresPrj "268.418" VB #</Process><Process ToolSource="C:\Program Files\ArcGIS\Desktop10.0\ArcToolbox\Toolboxes\Data Management Tools.tbx\CalculateField" Date="20110728" Time="075733">CalculateField RL_BPW_Prop BPWAmount "1362000.00" VB #</Process><Process ToolSource="C:\Program Files\ArcGIS\Desktop10.0\ArcToolbox\Toolboxes\Data Management Tools.tbx\CalculateField" Date="20110728" Time="075757">CalculateField RL_BPW_Prop BPWDate "7/27/2011" VB #</Process><Process ToolSource="C:\Program Files\ArcGIS\Desktop10.0\ArcToolbox\Toolboxes\Data Management Tools.tbx\CalculateField" Date="20110728" Time="084547">CalculateField RL_BPW_Prop BPWDate "7/27/2011" VB #</Process><Process ToolSource="C:\Program Files\ArcGIS\Desktop10.0\ArcToolbox\Toolboxes\Data Management Tools.tbx\CalculateField" Date="20110728" Time="084606">CalculateField RL_BPW_Prop STATUS "Protected" VB #</Process><Process ToolSource="C:\Program Files\ArcGIS\Desktop10.0\ArcToolbox\Toolboxes\Data Management Tools.tbx\CalculateField" Date="20110728" Time="084645">CalculateField RL_BPW_Prop BPWAmount "1054449.35" VB #</Process><Process ToolSource="C:\Program Files\ArcGIS\Desktop10.0\ArcToolbox\Toolboxes\Data Management Tools.tbx\CalculateField" Date="20110728" Time="084724">CalculateField RL_BPW_Prop Acres "136.478" VB #</Process><Process ToolSource="C:\Program Files\ArcGIS\Desktop10.0\ArcToolbox\Toolboxes\Data Management Tools.tbx\CalculateField" Date="20110728" Time="084733">CalculateField RL_BPW_Prop AcresPrj "136.478" VB #</Process><Process ToolSource="C:\Program Files\ArcGIS\Desktop10.0\ArcToolbox\Toolboxes\Data Management Tools.tbx\CalculateField" Date="20110728" Time="105803">CalculateField RL_BPW_Prop TEA "Yes" VB #</Process><Process ToolSource="C:\Program Files (x86)\ArcGIS\Desktop10.0\ArcToolbox\Toolboxes\Data Management Tools.tbx\CalculateField" Date="20120227" Time="092049">CalculateField RL_BPW_Prop STATUS "Protected" VB #</Process><Process ToolSource="C:\Program Files (x86)\ArcGIS\Desktop10.0\ArcToolbox\Toolboxes\Data Management Tools.tbx\CalculateField" Date="20120227" Time="092130">CalculateField RL_BPW_Prop BPWDate "2/22/2012" VB #</Process><Process ToolSource="C:\Program Files (x86)\ArcGIS\Desktop10.0\ArcToolbox\Toolboxes\Data Management Tools.tbx\CalculateField" Date="20120227" Time="092200">CalculateField RL_BPW_Prop BPWAmount "1155193.53" VB #</Process><Process ToolSource="C:\Program Files (x86)\ArcGIS\Desktop10.0\ArcToolbox\Toolboxes\Data Management Tools.tbx\CalculateField" Date="20120227" Time="092601">CalculateField RL_BPW_Prop STATUS "Protected" VB #</Process><Process ToolSource="C:\Program Files (x86)\ArcGIS\Desktop10.0\ArcToolbox\Toolboxes\Data Management Tools.tbx\CalculateField" Date="20120227" Time="092729">CalculateField RL_BPW_Prop BPWDate "2/22/2012" VB #</Process><Process ToolSource="C:\Program Files (x86)\ArcGIS\Desktop10.0\ArcToolbox\Toolboxes\Data Management Tools.tbx\CalculateField" Date="20120227" Time="092812">CalculateField RL_BPW_Prop BPWAmount "258877.99" VB #</Process><Process ToolSource="C:\Program Files (x86)\ArcGIS\Desktop10.0\ArcToolbox\Toolboxes\Data Management Tools.tbx\CalculateField" Date="20120326" Time="075845">CalculateField RL_BPW_Prop BPWDate "3/21/2012" VB #</Process><Process ToolSource="C:\Program Files (x86)\ArcGIS\Desktop10.0\ArcToolbox\Toolboxes\Data Management Tools.tbx\CalculateField" Date="20120326" Time="080010">CalculateField RL_BPW_Prop BPWDate "3/21/2012" VB #</Process><Process ToolSource="C:\Program Files (x86)\ArcGIS\Desktop10.0\ArcToolbox\Toolboxes\Data Management Tools.tbx\CalculateField" Date="20120326" Time="080159">CalculateField RL_BPW_Prop BPWDate "3/21/2012" VB #</Process><Process ToolSource="C:\Program Files (x86)\ArcGIS\Desktop10.0\ArcToolbox\Toolboxes\Data Management Tools.tbx\CalculateField" Date="20120326" Time="080305">CalculateField RL_BPW_Prop BPWDate "3/21/2012" VB #</Process><Process ToolSource="C:\Program Files (x86)\ArcGIS\Desktop10.0\ArcToolbox\Toolboxes\Data Management Tools.tbx\CalculateField" Date="20120326" Time="080421">CalculateField RL_BPW_Prop BPWAmount "279828.95" VB #</Process><Process ToolSource="C:\Program Files (x86)\ArcGIS\Desktop10.0\ArcToolbox\Toolboxes\Data Management Tools.tbx\CalculateField" Date="20120402" Time="114707">CalculateField RL_BPW_Prop RLArea "Anne Arundel South" VB #</Process><Process ToolSource="C:\Program Files (x86)\ArcGIS\Desktop10.0\ArcToolbox\Toolboxes\Data Management Tools.tbx\CalculateField" Date="20121219" Time="131330">CalculateField RL_BPW_Prop BPWAmount "245,607.09" VB #</Process><Process ToolSource="C:\Program Files (x86)\ArcGIS\Desktop10.0\ArcToolbox\Toolboxes\Data Management Tools.tbx\Merge" Date="20130709" Time="143606">Merge RL_BPW_Prop;WO_Aydelotte \\Geodata2\data\RLproperties\Josephine\RL_BPW_Prop_merge.shp "AREA "AREA" true true false 19 Double 3 18 ,First,#,RL_BPW_Prop,AREA,-1,-1;PERIMETER "PERIMETER" true true false 19 Double 3 18 ,First,#,RL_BPW_Prop,PERIMETER,-1,-1;NAME "NAME" true true false 50 Text 0 0 ,First,#,RL_BPW_Prop,NAME,-1,-1;MAP "MAP" true true false 4 Text 0 0 ,First,#,RL_BPW_Prop,MAP,-1,-1,WO_Aydelotte,MAP,-1,-1;PARCEL "PARCEL" true true false 4 Text 0 0 ,First,#,RL_BPW_Prop,PARCEL,-1,-1,WO_Aydelotte,PARCEL,-1,-1;LOT "LOT" true true false 4 Text 0 0 ,First,#,RL_BPW_Prop,LOT,-1,-1,WO_Aydelotte,LOT,-1,-1;ACCTID "ACCTID" true true false 15 Text 0 0 ,First,#,RL_BPW_Prop,ACCTID,-1,-1,WO_Aydelotte,ACCTID,-1,-1;STATUS "STATUS" true true false 30 Text 0 0 ,First,#,RL_BPW_Prop,STATUS,-1,-1;NOTES "NOTES" true true false 100 Text 0 0 ,First,#,RL_BPW_Prop,NOTES,-1,-1;P_O_PARCEL "P_O_PARCEL" true true false 10 Text 0 0 ,First,#,RL_BPW_Prop,P_O_PARCEL,-1,-1;PROPVW_YR "PROPVW_YR" true true false 10 Text 0 0 ,First,#,RL_BPW_Prop,PROPVW_YR,-1,-1;XCENT "XCENT" true true false 19 Double 11 18 ,First,#,RL_BPW_Prop,XCENT,-1,-1;YCENT "YCENT" true true false 19 Double 11 18 ,First,#,RL_BPW_Prop,YCENT,-1,-1;GISACRES "GISACRES" true true false 19 Double 11 18 ,First,#,RL_BPW_Prop,GISACRES,-1,-1;TEA "TEA" true true false 254 Text 0 0 ,First,#,RL_BPW_Prop,TEA,-1,-1;TribBasin "TribBasin" true true false 254 Text 0 0 ,First,#,RL_BPW_Prop,TribBasin,-1,-1;CNTY "CNTY" true true false 4 Text 0 0 ,First,#,RL_BPW_Prop,CNTY,-1,-1;BPWDate "BPWDate" true true false 8 Date 0 0 ,First,#,RL_BPW_Prop,BPWDate,-1,-1;BPWAmount "BPWAmount" true true false 19 Double 0 0 ,First,#,RL_BPW_Prop,BPWAmount,-1,-1;RLArea "RLArea" true true false 254 Text 0 0 ,First,#,RL_BPW_Prop,RLArea,-1,-1;County "County" true true false 254 Text 0 0 ,First,#,RL_BPW_Prop,County,-1,-1;MPVAcres "MPVAcres" true true false 19 Double 0 0 ,First,#,RL_BPW_Prop,MPVAcres,-1,-1;Acres "Acres" true true false 19 Double 0 0 ,First,#,RL_BPW_Prop,Acres,-1,-1;AcresPrj "AcresPrj" true true false 19 Double 0 0 ,First,#,RL_BPW_Prop,AcresPrj,-1,-1"</Process><Process ToolSource="C:\Program Files (x86)\ArcGIS\Desktop10.0\ArcToolbox\Toolboxes\Data Management Tools.tbx\CalculateField" Date="20131121" Time="083330">CalculateField RL_BPW_Prop RLNum "RL-4676" VB #</Process><Process ToolSource="C:\Program Files (x86)\ArcGIS\Desktop10.0\ArcToolbox\Toolboxes\Data Management Tools.tbx\CalculateField" Date="20131121" Time="091458">CalculateField RL_BPW_Prop BPWAmount "263269.00" VB #</Process><Process ToolSource="C:\Program Files (x86)\ArcGIS\Desktop10.0\ArcToolbox\Toolboxes\Data Management Tools.tbx\CalculateField" Date="20131121" Time="091558">CalculateField RL_BPW_Prop BPWDate "11/20/2013" VB #</Process><Process ToolSource="C:\Program Files (x86)\ArcGIS\Desktop10.0\ArcToolbox\Toolboxes\Data Management Tools.tbx\CalculateField" Date="20131121" Time="091800">CalculateField RL_BPW_Prop BPWDate "11/20/2013" VB #</Process><Process ToolSource="C:\Program Files (x86)\ArcGIS\Desktop10.0\ArcToolbox\Toolboxes\Data Management Tools.tbx\CalculateField" Date="20131121" Time="092226">CalculateField RL_BPW_Prop BPWDate "11/20/2013" VB #</Process><Process ToolSource="C:\Program Files (x86)\ArcGIS\Desktop10.0\ArcToolbox\Toolboxes\Data Management Tools.tbx\CalculateField" Date="20131121" Time="092247">CalculateField RL_BPW_Prop BPWAmount "60000.00" VB #</Process><Process ToolSource="C:\Program Files (x86)\ArcGIS\Desktop10.0\ArcToolbox\Toolboxes\Data Management Tools.tbx\CalculateField" Date="20131121" Time="092556">CalculateField RL_BPW_Prop STATUS "Protected" VB #</Process><Process ToolSource="C:\Program Files (x86)\ArcGIS\Desktop10.0\ArcToolbox\Toolboxes\Data Management Tools.tbx\CalculateField" Date="20131121" Time="093121">CalculateField RL_BPW_Prop RLNum "RL-4671" VB #</Process><Process ToolSource="C:\Program Files (x86)\ArcGIS\Desktop10.0\ArcToolbox\Toolboxes\Data Management Tools.tbx\CalculateField" Date="20131121" Time="093219">CalculateField RL_BPW_Prop Acres "785.09" VB #</Process><Process ToolSource="C:\Program Files (x86)\ArcGIS\Desktop10.0\ArcToolbox\Toolboxes\Data Management Tools.tbx\CalculateField" Date="20131121" Time="093235">CalculateField RL_BPW_Prop AcresPrj "785.09" VB #</Process><Process ToolSource="C:\Program Files (x86)\ArcGIS\Desktop10.0\ArcToolbox\Toolboxes\Data Management Tools.tbx\CalculateField" Date="20140115" Time="140504">CalculateField RL_BPW_Prop RLNum "RL_0574" VB #</Process><Process ToolSource="C:\Program Files (x86)\ArcGIS\Desktop10.0\ArcToolbox\Toolboxes\Data Management Tools.tbx\CalculateField" Date="20140115" Time="140519">CalculateField RL_BPW_Prop RLNum "RL-0574" VB #</Process><Process ToolSource="C:\Program Files (x86)\ArcGIS\Desktop10.0\ArcToolbox\Toolboxes\Data Management Tools.tbx\CalculateField" Date="20140115" Time="142042">CalculateField RL_BPW_Prop RLNum "RL-4651" VB #</Process><Process ToolSource="C:\Program Files (x86)\ArcGIS\Desktop10.0\ArcToolbox\Toolboxes\Data Management Tools.tbx\CalculateField" Date="20140115" Time="142401">CalculateField RL_BPW_Prop RLNum "RL-0573" VB #</Process><Process ToolSource="C:\Program Files (x86)\ArcGIS\Desktop10.0\ArcToolbox\Toolboxes\Data Management Tools.tbx\CalculateField" Date="20140115" Time="145651">CalculateField RL_BPW_Prop RLNum "RL-0566" VB #</Process><Process ToolSource="C:\Program Files (x86)\ArcGIS\Desktop10.0\ArcToolbox\Toolboxes\Data Management Tools.tbx\CalculateField" Date="20140116" Time="105650">CalculateField RL_BPW_Prop RLArea "Patuxent" VB #</Process><Process ToolSource="C:\Program Files (x86)\ArcGIS\Desktop10.0\ArcToolbox\Toolboxes\Data Management Tools.tbx\CalculateField" Date="20140121" Time="095405">CalculateField RL_BPW_Prop RLNum "RL-0554" VB #</Process><Process ToolSource="C:\Program Files (x86)\ArcGIS\Desktop10.0\ArcToolbox\Toolboxes\Data Management Tools.tbx\CalculateField" Date="20140121" Time="120303">CalculateField RL_BPW_Prop RLNum "RL-0538" VB #</Process><Process ToolSource="C:\Program Files (x86)\ArcGIS\Desktop10.0\ArcToolbox\Toolboxes\Data Management Tools.tbx\CalculateField" Date="20140121" Time="122216">CalculateField RL_BPW_Prop RLNum "RL-0524" VB #</Process><Process ToolSource="C:\Program Files (x86)\ArcGIS\Desktop10.0\ArcToolbox\Toolboxes\Data Management Tools.tbx\CalculateField" Date="20140121" Time="131452">CalculateField RL_BPW_Prop RLNum "RL-0505" VB #</Process><Process ToolSource="C:\Program Files (x86)\ArcGIS\Desktop10.0\ArcToolbox\Toolboxes\Data Management Tools.tbx\CalculateField" Date="20140121" Time="131542">CalculateField RL_BPW_Prop RLNum "RL-0502" VB #</Process><Process ToolSource="C:\Program Files (x86)\ArcGIS\Desktop10.0\ArcToolbox\Toolboxes\Data Management Tools.tbx\CalculateField" Date="20140121" Time="132129">CalculateField RL_BPW_Prop RLNum "RL-0500" VB #</Process><Process ToolSource="C:\Program Files (x86)\ArcGIS\Desktop10.0\ArcToolbox\Toolboxes\Data Management Tools.tbx\CalculateField" Date="20140121" Time="132446">CalculateField RL_BPW_Prop RLNum "RL-0496" VB #</Process><Process ToolSource="C:\Program Files (x86)\ArcGIS\Desktop10.0\ArcToolbox\Toolboxes\Data Management Tools.tbx\CalculateField" Date="20140121" Time="132518">CalculateField RL_BPW_Prop RLNum "RL-0492" VB #</Process><Process ToolSource="C:\Program Files (x86)\ArcGIS\Desktop10.0\ArcToolbox\Toolboxes\Data Management Tools.tbx\CalculateField" Date="20140121" Time="132710">CalculateField RL_BPW_Prop RLNum "RL-0489" VB #</Process><Process ToolSource="C:\Program Files (x86)\ArcGIS\Desktop10.0\ArcToolbox\Toolboxes\Data Management Tools.tbx\CalculateField" Date="20140121" Time="132958">CalculateField RL_BPW_Prop RLNum "RL-0488" VB #</Process><Process ToolSource="C:\Program Files (x86)\ArcGIS\Desktop10.0\ArcToolbox\Toolboxes\Data Management Tools.tbx\CalculateField" Date="20140121" Time="135636">CalculateField RL_BPW_Prop RLNum "RL-0480" VB #</Process><Process ToolSource="c:\program files (x86)\arcgis\desktop10.2\ArcToolbox\Toolboxes\Data Management Tools.tbx\CalculateField" Date="20140225" Time="153646">CalculateField RL_BPW_Prop RLNum "RL-4662" VB #</Process><Process ToolSource="c:\program files (x86)\arcgis\desktop10.2\ArcToolbox\Toolboxes\Data Management Tools.tbx\CalculateField" Date="20140304" Time="101430">CalculateField RL_BPW_Prop TEA "Yes" VB #</Process><Process ToolSource="c:\program files (x86)\arcgis\desktop10.2\ArcToolbox\Toolboxes\Data Management Tools.tbx\CalculateField" Date="20140313" Time="110856">CalculateField RL_BPW_Prop RLNum "RL-0444" VB #</Process><Process ToolSource="c:\program files (x86)\arcgis\desktop10.2\ArcToolbox\Toolboxes\Data Management Tools.tbx\CalculateField" Date="20140313" Time="110959">CalculateField RL_BPW_Prop RLNum "RL-0448" VB #</Process><Process ToolSource="c:\program files (x86)\arcgis\desktop10.2\ArcToolbox\Toolboxes\Data Management Tools.tbx\CalculateField" Date="20140313" Time="111620">CalculateField RL_BPW_Prop RLNum "RL-0092" VB #</Process><Process ToolSource="c:\program files (x86)\arcgis\desktop10.2\ArcToolbox\Toolboxes\Data Management Tools.tbx\CalculateField" Date="20140313" Time="130930">CalculateField RL_BPW_Prop RLNum "RL-0099" VB #</Process><Process ToolSource="c:\program files (x86)\arcgis\desktop10.2\ArcToolbox\Toolboxes\Data Management Tools.tbx\CalculateField" Date="20140313" Time="131941">CalculateField RL_BPW_Prop RLNum "RL-0105" VB #</Process><Process ToolSource="c:\program files (x86)\arcgis\desktop10.2\ArcToolbox\Toolboxes\Data Management Tools.tbx\CalculateField" Date="20140313" Time="134823">CalculateField RL_BPW_Prop RLNum "RL-0074" VB #</Process><Process ToolSource="c:\program files (x86)\arcgis\desktop10.2\ArcToolbox\Toolboxes\Data Management Tools.tbx\CalculateField" Date="20140313" Time="141414">CalculateField RL_BPW_Prop RLNum "RL-0080" VB #</Process><Process ToolSource="c:\program files (x86)\arcgis\desktop10.2\ArcToolbox\Toolboxes\Data Management Tools.tbx\CalculateField" Date="20140313" Time="143900">CalculateField RL_BPW_Prop RLNum "RL-0006" VB #</Process><Process ToolSource="c:\program files (x86)\arcgis\desktop10.2\ArcToolbox\Toolboxes\Data Management Tools.tbx\CalculateField" Date="20140313" Time="143947">CalculateField RL_BPW_Prop NAME "Grassland Plantation, Inc (Chino Farms)" VB #</Process><Process ToolSource="c:\program files (x86)\arcgis\desktop10.2\ArcToolbox\Toolboxes\Data Management Tools.tbx\CalculateField" Date="20140313" Time="152510">CalculateField RL_BPW_Prop Acres "127.78" VB #</Process><Process ToolSource="c:\program files (x86)\arcgis\desktop10.2\ArcToolbox\Toolboxes\Data Management Tools.tbx\CalculateField" Date="20140313" Time="155110">CalculateField RL_BPW_Prop RLNum "RL-0167" VB #</Process><Process ToolSource="c:\program files (x86)\arcgis\desktop10.2\ArcToolbox\Toolboxes\Data Management Tools.tbx\CalculateField" Date="20140314" Time="173614">CalculateField RL_BPW_Prop RLNum "RL-0256" VB #</Process><Process ToolSource="c:\program files (x86)\arcgis\desktop10.2\ArcToolbox\Toolboxes\Data Management Tools.tbx\CalculateField" Date="20140317" Time="063206">CalculateField RL_BPW_Prop RLNum "RL-0269" VB #</Process><Process ToolSource="c:\program files (x86)\arcgis\desktop10.2\ArcToolbox\Toolboxes\Data Management Tools.tbx\CalculateField" Date="20140317" Time="063347">CalculateField RL_BPW_Prop RLNum "RL-0362" VB #</Process><Process ToolSource="c:\program files (x86)\arcgis\desktop10.2\ArcToolbox\Toolboxes\Data Management Tools.tbx\CalculateField" Date="20140317" Time="063419">CalculateField RL_BPW_Prop NAME "RL-0267" VB #</Process><Process ToolSource="c:\program files (x86)\arcgis\desktop10.2\ArcToolbox\Toolboxes\Data Management Tools.tbx\CalculateField" Date="20140317" Time="063442">CalculateField RL_BPW_Prop RLNum "RL-0267" VB #</Process><Process ToolSource="c:\program files (x86)\arcgis\desktop10.2\ArcToolbox\Toolboxes\Data Management Tools.tbx\CalculateField" Date="20140317" Time="070205">CalculateField RL_BPW_Prop RLNum "RL-0299" VB #</Process><Process ToolSource="c:\program files (x86)\arcgis\desktop10.2\ArcToolbox\Toolboxes\Data Management Tools.tbx\CalculateField" Date="20140317" Time="072539">CalculateField RL_BPW_Prop RLNum "RL-0311" VB #</Process><Process ToolSource="c:\program files (x86)\arcgis\desktop10.2\ArcToolbox\Toolboxes\Data Management Tools.tbx\CalculateField" Date="20140317" Time="081039">CalculateField RL_BPW_Prop RLNum "RL-0331" VB #</Process><Process ToolSource="c:\program files (x86)\arcgis\desktop10.2\ArcToolbox\Toolboxes\Data Management Tools.tbx\CalculateField" Date="20140320" Time="112430">CalculateField RL_BPW_Prop BPWDate "3/19/2014" VB #</Process><Process ToolSource="c:\program files (x86)\arcgis\desktop10.2\ArcToolbox\Toolboxes\Data Management Tools.tbx\CalculateField" Date="20140320" Time="112501">CalculateField RL_BPW_Prop BPWAmount "648636.99" VB #</Process></lineage><itemProps><itemName Sync="TRUE">RL_BPW_Prop_merge</itemName><imsContentType Sync="TRUE">002</imsContentType><itemSize Sync="TRUE">0.000</itemSize><itemLocation><linkage Sync="TRUE">file://\\Geodata2\data\RLproperties\Josephine\RL_BPW_Prop_merge.shp</linkage><protocol Sync="TRUE">Local Area Network</protocol></itemLocation></itemProps><coordRef><type Sync="TRUE">Projected</type><geogcsn Sync="TRUE">GCS_North_American_1983</geogcsn><projcsn Sync="TRUE">NAD_1983_StatePlane_Maryland_FIPS_1900</projcsn><peXml Sync="TRUE">&lt;ProjectedCoordinateSystem xsi:type='typens:ProjectedCoordinateSystem' xmlns:xsi='http://www.w3.org/2001/XMLSchema-instance' xmlns:xs='http://www.w3.org/2001/XMLSchema' xmlns:typens='http://www.esri.com/schemas/ArcGIS/10.0'&gt;&lt;WKT&gt;PROJCS[&amp;quot;NAD_1983_StatePlane_Maryland_FIPS_1900&amp;quot;,GEOGCS[&amp;quot;GCS_North_American_1983&amp;quot;,DATUM[&amp;quot;D_North_American_1983&amp;quot;,SPHEROID[&amp;quot;GRS_1980&amp;quot;,6378137.0,298.257222101]],PRIMEM[&amp;quot;Greenwich&amp;quot;,0.0],UNIT[&amp;quot;Degree&amp;quot;,0.0174532925199433]],PROJECTION[&amp;quot;Lambert_Conformal_Conic&amp;quot;],PARAMETER[&amp;quot;False_Easting&amp;quot;,400000.0],PARAMETER[&amp;quot;False_Northing&amp;quot;,0.0],PARAMETER[&amp;quot;Central_Meridian&amp;quot;,-77.0],PARAMETER[&amp;quot;Standard_Parallel_1&amp;quot;,38.3],PARAMETER[&amp;quot;Standard_Parallel_2&amp;quot;,39.45],PARAMETER[&amp;quot;Latitude_Of_Origin&amp;quot;,37.66666666666666],UNIT[&amp;quot;Meter&amp;quot;,1.0],AUTHORITY[&amp;quot;EPSG&amp;quot;,26985]]&lt;/WKT&gt;&lt;XOrigin&gt;-36747100&lt;/XOrigin&gt;&lt;YOrigin&gt;-29091500&lt;/YOrigin&gt;&lt;XYScale&gt;121236910.21292362&lt;/XYScale&gt;&lt;ZOrigin&gt;-100000&lt;/ZOrigin&gt;&lt;ZScale&gt;10000&lt;/ZScale&gt;&lt;MOrigin&gt;-100000&lt;/MOrigin&gt;&lt;MScale&gt;10000&lt;/MScale&gt;&lt;XYTolerance&gt;0.001&lt;/XYTolerance&gt;&lt;ZTolerance&gt;0.001&lt;/ZTolerance&gt;&lt;MTolerance&gt;0.001&lt;/MTolerance&gt;&lt;HighPrecision&gt;true&lt;/HighPrecision&gt;&lt;WKID&gt;26985&lt;/WKID&gt;&lt;/ProjectedCoordinateSystem&gt;</peXml></coordRef></DataProperties><SyncDate>20130709</SyncDate><SyncTime>14360200</SyncTime><ModDate>20130709</ModDate><ModTime>14360200</ModTime><ArcGISFormat>1.0</ArcGISFormat></Esri><idinfo><native Sync="TRUE">Microsoft Windows XP Version 5.1 (Build 2600) Service Pack 3; ESRI ArcCatalog 9.3.1.3000</native><descript><langdata Sync="TRUE">en</langdata><abstract>REQUIRED: A brief narrative summary of the data set.</abstract><purpose>REQUIRED: A summary of the intentions with which the data set was developed.</purpose></descript><citation><citeinfo><origin>REQUIRED: The name of an organization or individual that developed the data set.</origin><pubdate>REQUIRED: The date when the data set is published or otherwise made available for release.</pubdate><title Sync="TRUE">RL_BPW_Prop_Merge</title><ftname Sync="TRUE">RL_BPW_Prop_Merge</ftname><geoform Sync="TRUE">vector digital data</geoform><onlink Sync="TRUE"></onlink></citeinfo></citation><timeperd><current>REQUIRED: The basis on which the time period of content information is determined.</current><timeinfo><sngdate><caldate>REQUIRED: The year (and optionally month, or month and day) for which the data set corresponds to the ground.</caldate></sngdate></timeinfo></timeperd><status><progress>REQUIRED: The state of the data set.</progress><update>REQUIRED: The frequency with which changes and additions are made to the data set after the initial data set is completed.</update></status><spdom><bounding><westbc Sync="TRUE">REQUIRED: Western-most coordinate of the limit of coverage expressed in longitude.</westbc><eastbc Sync="TRUE">REQUIRED: Eastern-most coordinate of the limit of coverage expressed in longitude.</eastbc><northbc Sync="TRUE">REQUIRED: Northern-most coordinate of the limit of coverage expressed in latitude.</northbc><southbc Sync="TRUE">REQUIRED: Southern-most coordinate of the limit of coverage expressed in latitude.</southbc></bounding></spdom><keywords><theme><themekt>REQUIRED: Reference to a formally registered thesaurus or a similar authoritative source of theme keywords.</themekt><themekey>REQUIRED: Common-use word or phrase used to describe the subject of the data set.</themekey></theme></keywords><accconst>REQUIRED: Restrictions and legal prerequisites for accessing the data set.</accconst><useconst>REQUIRED: Restrictions and legal prerequisites for using the data set after access is granted.</useconst><natvform Sync="TRUE">Shapefile</natvform></idinfo><dataIdInfo><envirDesc Sync="TRUE">Microsoft Windows Server 2008 R2 Version 6.1 (Build 7601) Service Pack 1; ESRI ArcGIS 10.0.0.2414</envirDesc><dataLang><languageCode Sync="TRUE" value="eng" country="USA"></languageCode></dataLang><idCitation><resTitle Sync="TRUE">RL_BPW_Prop_merge</resTitle><presForm><PresFormCd Sync="TRUE" value="005"></PresFormCd></presForm></idCitation><spatRpType><SpatRepTypCd Sync="TRUE" value="001"></SpatRepTypCd></spatRpType><descKeys><thesaName uuidref="723f6998-058e-11dc-8314-0800200c9a66"></thesaName><keyword Sync="TRUE">002</keyword></descKeys></dataIdInfo><metainfo><langmeta Sync="TRUE">en</langmeta><metstdn Sync="TRUE">FGDC Content Standards for Digital Geospatial Metadata</metstdn><metstdv Sync="TRUE">FGDC-STD-001-1998</metstdv><mettc Sync="TRUE">local time</mettc><metc><cntinfo><cntorgp><cntper>REQUIRED: The person responsible for the metadata information.</cntper><cntorg>REQUIRED: The organization responsible for the metadata information.</cntorg></cntorgp><cntaddr><addrtype>REQUIRED: The mailing and/or physical address for the organization or individual.</addrtype><city>REQUIRED: The city of the address.</city><state>REQUIRED: The state or province of the address.</state><postal>REQUIRED: The ZIP or other postal code of the address.</postal></cntaddr><cntvoice>REQUIRED: The telephone number by which individuals can speak to the organization or individual.</cntvoice></cntinfo></metc><metd Sync="TRUE">20090831</metd></metainfo><mdLang><languageCode Sync="TRUE" value="eng"></languageCode></mdLang><mdStanName Sync="TRUE">ISO 19115 Geographic Information - Metadata</mdStanName><mdStanVer Sync="TRUE">DIS_ESRI1.0</mdStanVer><mdChar><CharSetCd Sync="TRUE" value="004"></CharSetCd></mdChar><mdHrLv><ScopeCd Sync="TRUE" value="005"></ScopeCd></mdHrLv><mdHrLvName Sync="TRUE">dataset</mdHrLvName><distinfo><resdesc Sync="TRUE">Downloadable Data</resdesc><stdorder><digform><digtinfo><transize Sync="TRUE">0.000</transize><dssize Sync="TRUE">0.000</dssize></digtinfo></digform></stdorder></distinfo><distInfo><distributor><distorTran><onLineSrc><orDesc Sync="TRUE">002</orDesc><linkage Sync="TRUE">file://</linkage><protocol Sync="TRUE">Local Area Network</protocol></onLineSrc><transSize Sync="TRUE">0.000</transSize></distorTran><distorFormat><formatName Sync="TRUE">Shapefile</formatName></distorFormat></distributor><distFormat><formatName Sync="TRUE">Shapefile</formatName></distFormat><distTranOps><transSize Sync="TRUE">0.000</transSize></distTranOps></distInfo><spdoinfo><direct Sync="TRUE">Vector</direct><ptvctinf><esriterm Name="RL_BPW_Prop_merge"><efeatyp Sync="TRUE">Simple</efeatyp><efeageom Sync="TRUE">4</efeageom><esritopo Sync="TRUE">FALSE</esritopo><efeacnt Sync="TRUE">0</efeacnt><spindex Sync="TRUE">FALSE</spindex><linrefer Sync="TRUE">FALSE</linrefer></esriterm></ptvctinf></spdoinfo><spref><horizsys><cordsysn><geogcsn Sync="TRUE">GCS_North_American_1983</geogcsn><projcsn Sync="TRUE">NAD_1983_StatePlane_Maryland_FIPS_1900</projcsn></cordsysn><planar><planci><plance Sync="TRUE">coordinate pair</plance><plandu Sync="TRUE">meters</plandu><coordrep><absres Sync="TRUE">0.000000</absres><ordres Sync="TRUE">0.000000</ordres></coordrep></planci></planar><geodetic><horizdn Sync="TRUE">North American Datum of 1983</horizdn><ellips Sync="TRUE">Geodetic Reference System 80</ellips><semiaxis Sync="TRUE">6378137.000000</semiaxis><denflat Sync="TRUE">298.257222</denflat></geodetic></horizsys></spref><refSysInfo><RefSystem><refSysID><identCode Sync="TRUE" code="26985">NAD_1983_StatePlane_Maryland_FIPS_1900</identCode><idCodeSpace Sync="TRUE">EPSG</idCodeSpace><idVersion Sync="TRUE">7.4.1</idVersion></refSysID></RefSystem></refSysInfo><spatRepInfo><VectSpatRep><topLvl><TopoLevCd Sync="TRUE" value="001"></TopoLevCd></topLvl><geometObjs Name="RL_BPW_Prop_Merge"><geoObjTyp><GeoObjTypCd Sync="TRUE" value="002"></GeoObjTypCd><geoObjCnt Sync="TRUE">0</geoObjCnt></geoObjTyp><geoObjCnt Sync="TRUE">0</geoObjCnt></geometObjs></VectSpatRep></spatRepInfo><eainfo><detailed Name="RL_BPW_Prop_merge"><enttyp><enttypl Sync="TRUE">RL_BPW_Prop_merge</enttypl><enttypt Sync="TRUE">Feature Class</enttypt><enttypc Sync="TRUE">0</enttypc></enttyp><attr><attrlabl Sync="TRUE">FID</attrlabl><attalias Sync="TRUE">FID</attalias><attrtype Sync="TRUE">OID</attrtype><attwidth Sync="TRUE">4</attwidth><atprecis Sync="TRUE">0</atprecis><attscale Sync="TRUE">0</attscale><attrdef Sync="TRUE">Internal feature number.</attrdef><attrdefs Sync="TRUE">ESRI</attrdefs><attrdomv><udom Sync="TRUE">Sequential unique whole numbers that are automatically generated.</udom></attrdomv></attr><attr><attrlabl Sync="TRUE">Shape</attrlabl><attalias Sync="TRUE">Shape</attalias><attrtype Sync="TRUE">Geometry</attrtype><attwidth Sync="TRUE">0</attwidth><atprecis Sync="TRUE">0</atprecis><attscale Sync="TRUE">0</attscale><attrdef Sync="TRUE">Feature geometry.</attrdef><attrdefs Sync="TRUE">ESRI</attrdefs><attrdomv><udom Sync="TRUE">Coordinates defining the features.</udom></attrdomv></attr><attr><attrlabl Sync="TRUE">AREA</attrlabl><attalias Sync="TRUE">AREA</attalias><attrtype Sync="TRUE">Double</attrtype><attwidth Sync="TRUE">19</attwidth><atprecis Sync="TRUE">18</atprecis><attscale Sync="TRUE">3</attscale></attr><attr><attrlabl Sync="TRUE">PERIMETER</attrlabl><attalias Sync="TRUE">PERIMETER</attalias><attrtype Sync="TRUE">Double</attrtype><attwidth Sync="TRUE">19</attwidth><atprecis Sync="TRUE">18</atprecis><attscale Sync="TRUE">3</attscale></attr><attr><attrlabl Sync="TRUE">NAME</attrlabl><attalias Sync="TRUE">NAME</attalias><attrtype Sync="TRUE">String</attrtype><attwidth Sync="TRUE">50</attwidth><atprecis Sync="TRUE">0</atprecis><attscale Sync="TRUE">0</attscale></attr><attr><attrlabl Sync="TRUE">MAP</attrlabl><attalias Sync="TRUE">MAP</attalias><attrtype Sync="TRUE">String</attrtype><attwidth Sync="TRUE">4</attwidth><atprecis Sync="TRUE">0</atprecis><attscale Sync="TRUE">0</attscale></attr><attr><attrlabl Sync="TRUE">PARCEL</attrlabl><attalias Sync="TRUE">PARCEL</attalias><attrtype Sync="TRUE">String</attrtype><attwidth Sync="TRUE">4</attwidth><atprecis Sync="TRUE">0</atprecis><attscale Sync="TRUE">0</attscale></attr><attr><attrlabl Sync="TRUE">LOT</attrlabl><attalias Sync="TRUE">LOT</attalias><attrtype Sync="TRUE">String</attrtype><attwidth Sync="TRUE">4</attwidth><atprecis Sync="TRUE">0</atprecis><attscale Sync="TRUE">0</attscale></attr><attr><attrlabl Sync="TRUE">ACCTID</attrlabl><attalias Sync="TRUE">ACCTID</attalias><attrtype Sync="TRUE">String</attrtype><attwidth Sync="TRUE">15</attwidth><atprecis Sync="TRUE">0</atprecis><attscale Sync="TRUE">0</attscale></attr><attr><attrlabl Sync="TRUE">STATUS</attrlabl><attalias Sync="TRUE">STATUS</attalias><attrtype Sync="TRUE">String</attrtype><attwidth Sync="TRUE">30</attwidth><atprecis Sync="TRUE">0</atprecis><attscale Sync="TRUE">0</attscale></attr><attr><attrlabl Sync="TRUE">NOTES</attrlabl><attalias Sync="TRUE">NOTES</attalias><attrtype Sync="TRUE">String</attrtype><attwidth Sync="TRUE">100</attwidth><atprecis Sync="TRUE">0</atprecis><attscale Sync="TRUE">0</attscale></attr><attr><attrlabl Sync="TRUE">P_O_PARCEL</attrlabl><attalias Sync="TRUE">P_O_PARCEL</attalias><attrtype Sync="TRUE">String</attrtype><attwidth Sync="TRUE">10</attwidth><atprecis Sync="TRUE">0</atprecis><attscale Sync="TRUE">0</attscale></attr><attr><attrlabl Sync="TRUE">PROPVW_YR</attrlabl><attalias Sync="TRUE">PROPVW_YR</attalias><attrtype Sync="TRUE">String</attrtype><attwidth Sync="TRUE">10</attwidth><atprecis Sync="TRUE">0</atprecis><attscale Sync="TRUE">0</attscale></attr><attr><attrlabl Sync="TRUE">XCENT</attrlabl><attalias Sync="TRUE">XCENT</attalias><attrtype Sync="TRUE">Double</attrtype><attwidth Sync="TRUE">19</attwidth><atprecis Sync="TRUE">18</atprecis><attscale Sync="TRUE">11</attscale></attr><attr><attrlabl Sync="TRUE">YCENT</attrlabl><attalias Sync="TRUE">YCENT</attalias><attrtype Sync="TRUE">Double</attrtype><attwidth Sync="TRUE">19</attwidth><atprecis Sync="TRUE">18</atprecis><attscale Sync="TRUE">11</attscale></attr><attr><attrlabl Sync="TRUE">GISACRES</attrlabl><attalias Sync="TRUE">GISACRES</attalias><attrtype Sync="TRUE">Double</attrtype><attwidth Sync="TRUE">19</attwidth><atprecis Sync="TRUE">18</atprecis><attscale Sync="TRUE">11</attscale></attr><attr><attrlabl Sync="TRUE">TEA</attrlabl><attalias Sync="TRUE">TEA</attalias><attrtype Sync="TRUE">String</attrtype><attwidth Sync="TRUE">254</attwidth><atprecis Sync="TRUE">0</atprecis><attscale Sync="TRUE">0</attscale></attr><attr><attrlabl Sync="TRUE">TribBasin</attrlabl><attalias Sync="TRUE">TribBasin</attalias><attrtype Sync="TRUE">String</attrtype><attwidth Sync="TRUE">254</attwidth><atprecis Sync="TRUE">0</atprecis><attscale Sync="TRUE">0</attscale></attr><attr><attrlabl Sync="TRUE">CNTY</attrlabl><attalias Sync="TRUE">CNTY</attalias><attrtype Sync="TRUE">String</attrtype><attwidth Sync="TRUE">4</attwidth><atprecis Sync="TRUE">0</atprecis><attscale Sync="TRUE">0</attscale></attr><attr><attrlabl Sync="TRUE">BPWDate</attrlabl><attalias Sync="TRUE">BPWDate</attalias><attrtype Sync="TRUE">Date</attrtype><attwidth Sync="TRUE">8</attwidth><atprecis Sync="TRUE">0</atprecis><attscale Sync="TRUE">0</attscale></attr><attr><attrlabl Sync="TRUE">BPWAmount</attrlabl><attalias Sync="TRUE">BPWAmount</attalias><attrtype Sync="TRUE">Double</attrtype><attwidth Sync="TRUE">19</attwidth><atprecis Sync="TRUE">0</atprecis><attscale Sync="TRUE">0</attscale></attr><attr><attrlabl Sync="TRUE">RLArea</attrlabl><attalias Sync="TRUE">RLArea</attalias><attrtype Sync="TRUE">String</attrtype><attwidth Sync="TRUE">254</attwidth><atprecis Sync="TRUE">0</atprecis><attscale Sync="TRUE">0</attscale></attr><attr><attrlabl Sync="TRUE">County</attrlabl><attalias Sync="TRUE">County</attalias><attrtype Sync="TRUE">String</attrtype><attwidth Sync="TRUE">254</attwidth><atprecis Sync="TRUE">0</atprecis><attscale Sync="TRUE">0</attscale></attr><attr><attrlabl Sync="TRUE">MPVAcres</attrlabl><attalias Sync="TRUE">MPVAcres</attalias><attrtype Sync="TRUE">Double</attrtype><attwidth Sync="TRUE">19</attwidth><atprecis Sync="TRUE">0</atprecis><attscale Sync="TRUE">0</attscale></attr><attr><attrlabl Sync="TRUE">Acres</attrlabl><attalias Sync="TRUE">Acres</attalias><attrtype Sync="TRUE">Double</attrtype><attwidth Sync="TRUE">19</attwidth><atprecis Sync="TRUE">0</atprecis><attscale Sync="TRUE">0</attscale></attr><attr><attrlabl Sync="TRUE">AcresPrj</attrlabl><attalias Sync="TRUE">AcresPrj</attalias><attrtype Sync="TRUE">Double</attrtype><attwidth Sync="TRUE">19</attwidth><atprecis Sync="TRUE">0</atprecis><attscale Sync="TRUE">0</attscale></attr></detailed></eainfo><mdDateSt Sync="TRUE">20130709</mdDateSt><dataqual><lineage><procstep><procdesc Sync="TRUE">Dataset copied.</procdesc><srcused Sync="TRUE"></srcused><procdate Sync="TRUE">20090414</procdate><proctime Sync="TRUE">12075900</proctime></procstep><procstep><procdesc Sync="TRUE">Dataset copied.</procdesc><srcused Sync="TRUE"></srcused><procdate Sync="TRUE">20090831</procdate><proctime Sync="TRUE">14430300</proctime></procstep></lineage></dataqual></metadata>
