<?xml version="1.0"?>
<!--<!DOCTYPE metadata SYSTEM "http://www.esri.com/metadata/esriprof80.dtd">-->
<metadata xml:lang="en"><Esri><CreaDate>20130522</CreaDate><CreaTime>07495100</CreaTime><SyncOnce>FALSE</SyncOnce><DataProperties><lineage><Process ToolSource="C:\Program Files\ArcGIS\ArcToolbox\Toolboxes\Data Management Tools.tbx\AddField" Date="20090827" Time="102647">AddField SWplfe MAP TEXT # # # # NON_NULLABLE NON_REQUIRED # SWplfe</Process><Process ToolSource="C:\Program Files\ArcGIS\ArcToolbox\Toolboxes\Data Management Tools.tbx\AddField" Date="20090827" Time="102709">AddField SWplfe PARCEL TEXT # # # # NON_NULLABLE NON_REQUIRED # SWplfe</Process><Process ToolSource="C:\Program Files\ArcGIS\ArcToolbox\Toolboxes\Data Management Tools.tbx\AddField" Date="20090827" Time="102732">AddField SWplfe LOT TEXT # # # # NON_NULLABLE NON_REQUIRED # SWplfe</Process><Process ToolSource="C:\Program Files\ArcGIS\ArcToolbox\Toolboxes\Data Management Tools.tbx\AddField" Date="20090827" Time="102821">AddField SWplfe ACCTID TEXT # # # # NON_NULLABLE NON_REQUIRED # SWplfe</Process><Process ToolSource="C:\Program Files\ArcGIS\ArcToolbox\Toolboxes\Data Management Tools.tbx\AddField" Date="20090827" Time="102850">AddField SWplfe MPVACRES TEXT # # # # NON_NULLABLE NON_REQUIRED # SWplfe</Process><Process ToolSource="C:\Program Files\ArcGIS\ArcToolbox\Toolboxes\Data Management Tools.tbx\AddField" Date="20090827" Time="102917">AddField SWplfe COUNTY TEXT # # # # NON_NULLABLE NON_REQUIRED # SWplfe</Process><Process ToolSource="C:\Program Files\ArcGIS\ArcToolbox\Toolboxes\Data Management Tools.tbx\AddField" Date="20090827" Time="102932">AddField SWplfe NOTES TEXT # # # # NON_NULLABLE NON_REQUIRED # SWplfe</Process><Process ToolSource="C:\Program Files\ArcGIS\ArcToolbox\Toolboxes\Data Management Tools.tbx\AddField" Date="20090827" Time="144716">AddField SWplfe PROPVWYR TEXT # # # # NON_NULLABLE NON_REQUIRED # SWplfe</Process><Process ToolSource="C:\Program Files\ArcGIS\ArcToolbox\Toolboxes\Data Management Tools.tbx\DefineProjection" Date="20100830" Time="142949">DefineProjection SWplfe PROJCS['NAD_1983_StatePlane_Maryland_FIPS_1900',GEOGCS['GCS_North_American_1983',DATUM['D_North_American_1983',SPHEROID['GRS_1980',6378137.0,298.257222101]],PRIMEM['Greenwich',0.0],UNIT['Degree',0.0174532925199433]],PROJECTION['Lambert_Conformal_Conic'],PARAMETER['False_Easting',400000.0],PARAMETER['False_Northing',0.0],PARAMETER['Central_Meridian',-77.0],PARAMETER['Standard_Parallel_1',38.3],PARAMETER['Standard_Parallel_2',39.45],PARAMETER['Latitude_Of_Origin',37.66666666666666],UNIT['Meter',1.0]] SWplfe</Process><Process ToolSource="C:\Program Files\ArcGIS\ArcToolbox\Toolboxes\Data Management Tools.tbx\AddField" Date="20100909" Time="092201">AddField SWplfe Comments TEXT # # # # NON_NULLABLE NON_REQUIRED # SWplfe</Process><Process ToolSource="C:\Program Files\ArcGIS\ArcToolbox\Toolboxes\Data Management Tools.tbx\Merge" Date="20100914" Time="104306">Merge SWplfe;SmithsonianProp \\geodata2\data\DataQC\FederalLands\2010_0914\SWplfe_Smithsonian_Merge.shp "SWPLFE_ 'SWPLFE_' true true false 10 Double 0 10 ,First,#,SWplfe,SWPLFE_,-1,-1;SWPLFE_ID 'SWPLFE_ID' true true false 10 Double 0 10 ,First,#,SWplfe,SWPLFE_ID,-1,-1;NAME 'NAME' true true false 40 Text 0 0 ,First,#,SWplfe,NAME,-1,-1;TYPE 'TYPE' true true false 15 Text 0 0 ,First,#,SWplfe,TYPE,-1,-1;Perimeter 'Perimeter' true true false 19 Double 0 0 ,First,#,SWplfe,Perimeter,-1,-1;Area 'Area' true true false 19 Double 0 0 ,First,#,SWplfe,Area,-1,-1,SmithsonianProp,AREA,-1,-1;Acres 'Acres' true true false 19 Double 0 0 ,First,#,SWplfe,Acres,-1,-1;MAP 'MAP' true true false 254 Text 0 0 ,First,#,SWplfe,MAP,-1,-1,SmithsonianProp,MAP,-1,-1;PARCEL 'PARCEL' true true false 254 Text 0 0 ,First,#,SWplfe,PARCEL,-1,-1,SmithsonianProp,PARCEL,-1,-1;LOT 'LOT' true true false 254 Text 0 0 ,First,#,SWplfe,LOT,-1,-1,SmithsonianProp,LOT,-1,-1;ACCTID 'ACCTID' true true false 254 Text 0 0 ,First,#,SWplfe,ACCTID,-1,-1,SmithsonianProp,ACCTID,-1,-1;MPVACRES 'MPVACRES' true true false 254 Text 0 0 ,First,#,SWplfe,MPVACRES,-1,-1;COUNTY 'COUNTY' true true false 254 Text 0 0 ,First,#,SWplfe,COUNTY,-1,-1,SmithsonianProp,COUNTY,-1,-1;NOTES 'NOTES' true true false 254 Text 0 0 ,First,#,SWplfe,NOTES,-1,-1;PROPVWYR 'PROPVWYR' true true false 254 Text 0 0 ,First,#,SWplfe,PROPVWYR,-1,-1;COMMENTS 'COMMENTS' true true false 254 Text 0 0 ,First,#,SmithsonianProp,COMMENTS,-1,-1;PRI_CON_GP 'PRI_CON_GP' true true false 254 Text 0 0 ,First,#,SmithsonianProp,PRI_CON_GP,-1,-1;OWNER 'OWNER' true true false 35 Text 0 0 ,First,#,SmithsonianProp,OWNER,-1,-1;AREA_NAME 'AREA_NAME' true true false 50 Text 0 0 ,First,#,SmithsonianProp,AREA_NAME,-1,-1;FEE_OWNER 'FEE_OWNER' true true false 25 Text 0 0 ,First,#,SmithsonianProp,FEE_OWNER,-1,-1;TNC_INTRST 'TNC_INTRST' true true false 8 Text 0 0 ,First,#,SmithsonianProp,TNC_INTRST,-1,-1;DATE_CONSV 'DATE_CONSV' true true false 8 Long 0 8 ,First,#,SmithsonianProp,DATE_CONSV,-1,-1;CITATION 'CITATION' true true false 100 Text 0 0 ,First,#,SmithsonianProp,CITATION,-1,-1;LEGAL_ACRE 'LEGAL_ACRE' true true false 19 Double 0 0 ,First,#,SmithsonianProp,LEGAL_ACRE,-1,-1;MD_Intenti 'MD_Intenti' true true false 25 Text 0 0 ,First,#,SmithsonianProp,MD_Intenti,-1,-1;MPV_ACRES 'MPV_ACRES' true true false 19 Double 0 0 ,First,#,SmithsonianProp,MPV_ACRES,-1,-1;GIS_ACRES 'GIS_ACRES' true true false 11 Double 2 10 ,First,#,SmithsonianProp,GIS_ACRES,-1,-1"</Process><Process ToolSource="C:\Program Files (x86)\ArcGIS\Desktop10.0\ArcToolbox\Toolboxes\Data Management Tools.tbx\Merge" Date="20120523" Time="114051">Merge swplfe;nanjemoy_fed R:\FedLand\FedLandsUpdate05232012\swplfe_Merge.shp "SWPLFE_ "SWPLFE_" true true false 10 Double 0 10 ,First,#,swplfe,SWPLFE_,-1,-1;SWPLFE_ID "SWPLFE_ID" true true false 10 Double 0 10 ,First,#,swplfe,SWPLFE_ID,-1,-1;NAME "NAME" true true false 40 Text 0 0 ,First,#,swplfe,NAME,-1,-1;TYPE "TYPE" true true false 15 Text 0 0 ,First,#,swplfe,TYPE,-1,-1;Acres "Acres" true true false 19 Double 0 0 ,First,#,swplfe,Acres,-1,-1;MAP "MAP" true true false 254 Text 0 0 ,First,#,swplfe,MAP,-1,-1;PARCEL "PARCEL" true true false 254 Text 0 0 ,First,#,swplfe,PARCEL,-1,-1;LOT "LOT" true true false 254 Text 0 0 ,First,#,swplfe,LOT,-1,-1;ACCTID "ACCTID" true true false 254 Text 0 0 ,First,#,swplfe,ACCTID,-1,-1;MPVACRES "MPVACRES" true true false 254 Text 0 0 ,First,#,swplfe,MPVACRES,-1,-1;COUNTY "COUNTY" true true false 254 Text 0 0 ,First,#,swplfe,COUNTY,-1,-1,nanjemoy_fed,COUNTY,-1,-1;NOTES "NOTES" true true false 254 Text 0 0 ,First,#,swplfe,NOTES,-1,-1;PROPVWYR "PROPVWYR" true true false 254 Text 0 0 ,First,#,swplfe,PROPVWYR,-1,-1;CODE "CODE" true true false 4 Text 0 0 ,First,#,nanjemoy_fed,CODE,-1,-1;LUNAME "LUNAME" true true false 254 Text 0 0 ,First,#,nanjemoy_fed,LUNAME,-1,-1;DNRNAME "DNRNAME" true true false 254 Text 0 0 ,First,#,nanjemoy_fed,DNRNAME,-1,-1;MANAGEDBY "MANAGEDBY" true true false 50 Text 0 0 ,First,#,nanjemoy_fed,MANAGEDBY,-1,-1;BASECODE "BASECODE" true true false 4 Text 0 0 ,First,#,nanjemoy_fed,BASECODE,-1,-1;DESIG "DESIG" true true false 15 Text 0 0 ,First,#,nanjemoy_fed,DESIG,-1,-1;REGION "REGION" true true false 20 Text 0 0 ,First,#,nanjemoy_fed,REGION,-1,-1;WEBLINK "WEBLINK" true true false 254 Text 0 0 ,First,#,nanjemoy_fed,WEBLINK,-1,-1;LandIntere "LandIntere" true true false 10 Text 0 0 ,First,#,nanjemoy_fed,LandIntere,-1,-1;DNRPCT_O "DNRPCT_O" true true false 4 Short 0 4 ,First,#,nanjemoy_fed,DNRPCT_O,-1,-1;DNRPCT_M "DNRPCT_M" true true false 4 Short 0 4 ,First,#,nanjemoy_fed,DNRPCT_M,-1,-1;LABEL "LABEL" true true false 4 Short 0 4 ,First,#,nanjemoy_fed,LABEL,-1,-1;Trails "Trails" true true false 10 Text 0 0 ,First,#,nanjemoy_fed,Trails,-1,-1;GISACRES "GISACRES" true true false 19 Double 0 0 ,First,#,nanjemoy_fed,GISACRES,-1,-1;GISMILES "GISMILES" true true false 19 Double 0 0 ,First,#,nanjemoy_fed,GISMILES,-1,-1"</Process><Process ToolSource="C:\Program Files (x86)\ArcGIS\Desktop10.0\ArcToolbox\Toolboxes\Data Management Tools.tbx\Merge" Date="20130521" Time="091838">Merge SWplfe;DTNRC \\Geodata2\data\FedLand\FedLandsUpdate05212013\SWplfe_merge2.shp "SWPLFE_ "SWPLFE_" true true false 10 Double 0 10 ,First,#,SWplfe,SWPLFE_,-1,-1;SWPLFE_ID "SWPLFE_ID" true true false 10 Double 0 10 ,First,#,SWplfe,SWPLFE_ID,-1,-1;NAME "NAME" true true false 40 Text 0 0 ,First,#,SWplfe,NAME,-1,-1;TYPE "TYPE" true true false 15 Text 0 0 ,First,#,SWplfe,TYPE,-1,-1;Acres "Acres" true true false 19 Double 0 0 ,First,#,SWplfe,Acres,-1,-1;MAP "MAP" true true false 254 Text 0 0 ,First,#,SWplfe,MAP,-1,-1;PARCEL "PARCEL" true true false 254 Text 0 0 ,First,#,SWplfe,PARCEL,-1,-1;LOT "LOT" true true false 254 Text 0 0 ,First,#,SWplfe,LOT,-1,-1;ACCTID "ACCTID" true true false 254 Text 0 0 ,First,#,SWplfe,ACCTID,-1,-1;MPVACRES "MPVACRES" true true false 254 Text 0 0 ,First,#,SWplfe,MPVACRES,-1,-1;COUNTY "COUNTY" true true false 254 Text 0 0 ,First,#,SWplfe,COUNTY,-1,-1;NOTES "NOTES" true true false 254 Text 0 0 ,First,#,SWplfe,NOTES,-1,-1;PROPVWYR "PROPVWYR" true true false 254 Text 0 0 ,First,#,SWplfe,PROPVWYR,-1,-1;OBJECTID "OBJECTID" true true false 9 Long 0 9 ,First,#,DTNRC,OBJECTID,-1,-1;PIN "PIN" true true false 25 Text 0 0 ,First,#,DTNRC,PIN,-1,-1;Shape_Leng "Shape_Leng" true true false 19 Double 0 0 ,First,#,DTNRC,Shape_Leng,-1,-1;Shape_Area "Shape_Area" true true false 19 Double 0 0 ,First,#,DTNRC,Shape_Area,-1,-1;ACRES_POLY "ACRES_POLY" true true false 12 Double 3 11 ,First,#,DTNRC,ACRES_POLY,-1,-1"</Process></lineage><itemProps><itemName Sync="TRUE">SWplfe_merge2</itemName><imsContentType Sync="TRUE">002</imsContentType><itemSize Sync="TRUE">0.000</itemSize><itemLocation><linkage Sync="TRUE">file://\\Geodata2\data\FedLand\FedLandsUpdate05212013\SWplfe_merge2.shp</linkage><protocol Sync="TRUE">Local Area Network</protocol></itemLocation></itemProps><coordRef><type Sync="TRUE">Projected</type><geogcsn Sync="TRUE">GCS_North_American_1983</geogcsn><projcsn Sync="TRUE">NAD_1983_StatePlane_Maryland_FIPS_1900</projcsn><peXml Sync="TRUE">&lt;ProjectedCoordinateSystem xsi:type='typens:ProjectedCoordinateSystem' xmlns:xsi='http://www.w3.org/2001/XMLSchema-instance' xmlns:xs='http://www.w3.org/2001/XMLSchema' xmlns:typens='http://www.esri.com/schemas/ArcGIS/10.0'&gt;&lt;WKT&gt;PROJCS[&amp;quot;NAD_1983_StatePlane_Maryland_FIPS_1900&amp;quot;,GEOGCS[&amp;quot;GCS_North_American_1983&amp;quot;,DATUM[&amp;quot;D_North_American_1983&amp;quot;,SPHEROID[&amp;quot;GRS_1980&amp;quot;,6378137.0,298.257222101]],PRIMEM[&amp;quot;Greenwich&amp;quot;,0.0],UNIT[&amp;quot;Degree&amp;quot;,0.0174532925199433]],PROJECTION[&amp;quot;Lambert_Conformal_Conic&amp;quot;],PARAMETER[&amp;quot;False_Easting&amp;quot;,400000.0],PARAMETER[&amp;quot;False_Northing&amp;quot;,0.0],PARAMETER[&amp;quot;Central_Meridian&amp;quot;,-77.0],PARAMETER[&amp;quot;Standard_Parallel_1&amp;quot;,38.3],PARAMETER[&amp;quot;Standard_Parallel_2&amp;quot;,39.45],PARAMETER[&amp;quot;Latitude_Of_Origin&amp;quot;,37.66666666666666],UNIT[&amp;quot;Meter&amp;quot;,1.0],AUTHORITY[&amp;quot;EPSG&amp;quot;,26985]]&lt;/WKT&gt;&lt;XOrigin&gt;-36747100&lt;/XOrigin&gt;&lt;YOrigin&gt;-29091500&lt;/YOrigin&gt;&lt;XYScale&gt;121236910.21292362&lt;/XYScale&gt;&lt;ZOrigin&gt;-100000&lt;/ZOrigin&gt;&lt;ZScale&gt;10000&lt;/ZScale&gt;&lt;MOrigin&gt;-100000&lt;/MOrigin&gt;&lt;MScale&gt;10000&lt;/MScale&gt;&lt;XYTolerance&gt;0.001&lt;/XYTolerance&gt;&lt;ZTolerance&gt;0.001&lt;/ZTolerance&gt;&lt;MTolerance&gt;0.001&lt;/MTolerance&gt;&lt;HighPrecision&gt;true&lt;/HighPrecision&gt;&lt;WKID&gt;26985&lt;/WKID&gt;&lt;/ProjectedCoordinateSystem&gt;</peXml></coordRef></DataProperties><SyncDate>20130521</SyncDate><SyncTime>09183300</SyncTime><ModDate>20130521</ModDate><ModTime>09183300</ModTime><ArcGISFormat>1.0</ArcGISFormat><ArcGISstyle>XTools Pro Metadata</ArcGISstyle></Esri><idinfo><native Sync="TRUE">Microsoft Windows XP Version 5.1 (Build 2600) Service Pack 3; ESRI ArcCatalog 9.3.1.3000</native><descript><langdata Sync="TRUE">en</langdata><abstract>REQUIRED: A brief narrative summary of the data set.</abstract><purpose>REQUIRED: A summary of the intentions with which the data set was developed.</purpose></descript><citation><citeinfo><origin>REQUIRED: The name of an organization or individual that developed the data set.</origin><pubdate>REQUIRED: The date when the data set is published or otherwise made available for release.</pubdate><title Sync="TRUE">SWplfe_Smithsonian_Merge</title><ftname Sync="TRUE">SWplfe_Smithsonian_Merge</ftname><geoform Sync="TRUE">vector digital data</geoform><onlink Sync="TRUE"></onlink></citeinfo></citation><timeperd><current>REQUIRED: The basis on which the time period of content information is determined.</current><timeinfo><sngdate><caldate>REQUIRED: The year (and optionally month, or month and day) for which the data set corresponds to the ground.</caldate></sngdate></timeinfo></timeperd><status><progress>REQUIRED: The state of the data set.</progress><update>REQUIRED: The frequency with which changes and additions are made to the data set after the initial data set is completed.</update></status><spdom><bounding><westbc Sync="TRUE">REQUIRED: Western-most coordinate of the limit of coverage expressed in longitude.</westbc><eastbc Sync="TRUE">REQUIRED: Eastern-most coordinate of the limit of coverage expressed in longitude.</eastbc><northbc Sync="TRUE">REQUIRED: Northern-most coordinate of the limit of coverage expressed in latitude.</northbc><southbc Sync="TRUE">REQUIRED: Southern-most coordinate of the limit of coverage expressed in latitude.</southbc></bounding></spdom><keywords><theme><themekt>REQUIRED: Reference to a formally registered thesaurus or a similar authoritative source of theme keywords.</themekt><themekey>REQUIRED: Common-use word or phrase used to describe the subject of the data set.</themekey></theme></keywords><accconst>REQUIRED: Restrictions and legal prerequisites for accessing the data set.</accconst><useconst>REQUIRED: Restrictions and legal prerequisites for using the data set after access is granted.</useconst><natvform Sync="TRUE">Shapefile</natvform></idinfo><dataIdInfo><envirDesc Sync="TRUE">Microsoft Windows Server 2008 R2 Version 6.1 (Build 7601) Service Pack 1; ESRI ArcGIS 10.0.0.2414</envirDesc><dataLang><languageCode Sync="TRUE" value="eng" country="USA"></languageCode></dataLang><idCitation><resTitle Sync="TRUE">SWplfe_merge2</resTitle><presForm><PresFormCd Sync="TRUE" value="005"></PresFormCd></presForm></idCitation><spatRpType><SpatRepTypCd Sync="TRUE" value="001"></SpatRepTypCd></spatRpType><descKeys><thesaName uuidref="723f6998-058e-11dc-8314-0800200c9a66"></thesaName><keyword Sync="TRUE">002</keyword></descKeys></dataIdInfo><metainfo><langmeta Sync="TRUE">en</langmeta><metstdn Sync="TRUE">FGDC Content Standards for Digital Geospatial Metadata</metstdn><metstdv Sync="TRUE">FGDC-STD-001-1998</metstdv><mettc Sync="TRUE">local time</mettc><metc><cntinfo><cntorgp><cntper>REQUIRED: The person responsible for the metadata information.</cntper><cntorg>REQUIRED: The organization responsible for the metadata information.</cntorg></cntorgp><cntaddr><addrtype>REQUIRED: The mailing and/or physical address for the organization or individual.</addrtype><city>REQUIRED: The city of the address.</city><state>REQUIRED: The state or province of the address.</state><postal>REQUIRED: The ZIP or other postal code of the address.</postal></cntaddr><cntvoice>REQUIRED: The telephone number by which individuals can speak to the organization or individual.</cntvoice></cntinfo></metc><metd Sync="TRUE">20100914</metd></metainfo><mdLang><languageCode Sync="TRUE" value="eng"></languageCode></mdLang><mdStanName Sync="TRUE">ISO 19115 Geographic Information - Metadata</mdStanName><mdStanVer Sync="TRUE">DIS_ESRI1.0</mdStanVer><mdChar><CharSetCd Sync="TRUE" value="004"></CharSetCd></mdChar><mdHrLv><ScopeCd Sync="TRUE" value="005"></ScopeCd></mdHrLv><mdHrLvName Sync="TRUE">dataset</mdHrLvName><distinfo><resdesc Sync="TRUE">Downloadable Data</resdesc><stdorder><digform><digtinfo><transize Sync="TRUE">0.000</transize><dssize Sync="TRUE">0.000</dssize></digtinfo></digform></stdorder></distinfo><distInfo><distributor><distorTran><onLineSrc><orDesc Sync="TRUE">002</orDesc><linkage Sync="TRUE">file://</linkage><protocol Sync="TRUE">Local Area Network</protocol></onLineSrc><transSize Sync="TRUE">0.000</transSize></distorTran><distorFormat><formatName Sync="TRUE">Shapefile</formatName></distorFormat></distributor><distFormat><formatName Sync="TRUE">Shapefile</formatName></distFormat><distTranOps><transSize Sync="TRUE">0.000</transSize></distTranOps></distInfo><spdoinfo><direct Sync="TRUE">Vector</direct><ptvctinf><esriterm Name="SWplfe_merge2"><efeatyp Sync="TRUE">Simple</efeatyp><efeageom Sync="TRUE">4</efeageom><esritopo Sync="TRUE">FALSE</esritopo><efeacnt Sync="TRUE">0</efeacnt><spindex Sync="TRUE">FALSE</spindex><linrefer Sync="TRUE">FALSE</linrefer></esriterm></ptvctinf></spdoinfo><spref><horizsys><cordsysn><geogcsn Sync="TRUE">GCS_North_American_1983</geogcsn><projcsn Sync="TRUE">NAD_1983_StatePlane_Maryland_FIPS_1900</projcsn></cordsysn><planar><planci><plance Sync="TRUE">coordinate pair</plance><plandu Sync="TRUE">meters</plandu><coordrep><absres Sync="TRUE">0.000000</absres><ordres Sync="TRUE">0.000000</ordres></coordrep></planci></planar><geodetic><horizdn Sync="TRUE">North American Datum of 1983</horizdn><ellips Sync="TRUE">Geodetic Reference System 80</ellips><semiaxis Sync="TRUE">6378137.000000</semiaxis><denflat Sync="TRUE">298.257222</denflat></geodetic></horizsys></spref><refSysInfo><RefSystem><refSysID><identCode Sync="TRUE" code="26985">NAD_1983_StatePlane_Maryland_FIPS_1900</identCode><idCodeSpace Sync="TRUE">EPSG</idCodeSpace><idVersion Sync="TRUE">7.4.1</idVersion></refSysID></RefSystem></refSysInfo><spatRepInfo><VectSpatRep><topLvl><TopoLevCd Sync="TRUE" value="001"></TopoLevCd></topLvl><geometObjs Name="SWplfe_Smithsonian_Merge"><geoObjTyp><GeoObjTypCd Sync="TRUE" value="002"></GeoObjTypCd><geoObjCnt Sync="TRUE">0</geoObjCnt></geoObjTyp><geoObjCnt Sync="TRUE">0</geoObjCnt></geometObjs></VectSpatRep></spatRepInfo><eainfo><detailed Name="SWplfe_merge2"><enttyp><enttypl Sync="TRUE">SWplfe_merge2</enttypl><enttypt Sync="TRUE">Feature Class</enttypt><enttypc Sync="TRUE">0</enttypc></enttyp><attr><attrlabl Sync="TRUE">FID</attrlabl><attalias Sync="TRUE">FID</attalias><attrtype Sync="TRUE">OID</attrtype><attwidth Sync="TRUE">4</attwidth><atprecis Sync="TRUE">0</atprecis><attscale Sync="TRUE">0</attscale><attrdef Sync="TRUE">Internal feature number.</attrdef><attrdefs Sync="TRUE">ESRI</attrdefs><attrdomv><udom Sync="TRUE">Sequential unique whole numbers that are automatically generated.</udom></attrdomv></attr><attr><attrlabl Sync="TRUE">Shape</attrlabl><attalias Sync="TRUE">Shape</attalias><attrtype Sync="TRUE">Geometry</attrtype><attwidth Sync="TRUE">0</attwidth><atprecis Sync="TRUE">0</atprecis><attscale Sync="TRUE">0</attscale><attrdef Sync="TRUE">Feature geometry.</attrdef><attrdefs Sync="TRUE">ESRI</attrdefs><attrdomv><udom Sync="TRUE">Coordinates defining the features.</udom></attrdomv></attr><attr><attrlabl Sync="TRUE">SWPLFE_</attrlabl><attalias Sync="TRUE">SWPLFE_</attalias><attrtype Sync="TRUE">Double</attrtype><attwidth Sync="TRUE">10</attwidth><atprecis Sync="TRUE">10</atprecis><attscale Sync="TRUE">0</attscale></attr><attr><attrlabl Sync="TRUE">SWPLFE_ID</attrlabl><attalias Sync="TRUE">SWPLFE_ID</attalias><attrtype Sync="TRUE">Double</attrtype><attwidth Sync="TRUE">10</attwidth><atprecis Sync="TRUE">10</atprecis><attscale Sync="TRUE">0</attscale></attr><attr><attrlabl Sync="TRUE">NAME</attrlabl><attalias Sync="TRUE">NAME</attalias><attrtype Sync="TRUE">String</attrtype><attwidth Sync="TRUE">40</attwidth><atprecis Sync="TRUE">0</atprecis><attscale Sync="TRUE">0</attscale></attr><attr><attrlabl Sync="TRUE">TYPE</attrlabl><attalias Sync="TRUE">TYPE</attalias><attrtype Sync="TRUE">String</attrtype><attwidth Sync="TRUE">15</attwidth><atprecis Sync="TRUE">0</atprecis><attscale Sync="TRUE">0</attscale></attr><attr><attrlabl Sync="TRUE">Acres</attrlabl><attalias Sync="TRUE">Acres</attalias><attrtype Sync="TRUE">Double</attrtype><attwidth Sync="TRUE">19</attwidth><atprecis Sync="TRUE">0</atprecis><attscale Sync="TRUE">0</attscale></attr><attr><attrlabl Sync="TRUE">MAP</attrlabl><attalias Sync="TRUE">MAP</attalias><attrtype Sync="TRUE">String</attrtype><attwidth Sync="TRUE">254</attwidth><atprecis Sync="TRUE">0</atprecis><attscale Sync="TRUE">0</attscale></attr><attr><attrlabl Sync="TRUE">PARCEL</attrlabl><attalias Sync="TRUE">PARCEL</attalias><attrtype Sync="TRUE">String</attrtype><attwidth Sync="TRUE">254</attwidth><atprecis Sync="TRUE">0</atprecis><attscale Sync="TRUE">0</attscale></attr><attr><attrlabl Sync="TRUE">LOT</attrlabl><attalias Sync="TRUE">LOT</attalias><attrtype Sync="TRUE">String</attrtype><attwidth Sync="TRUE">254</attwidth><atprecis Sync="TRUE">0</atprecis><attscale Sync="TRUE">0</attscale></attr><attr><attrlabl Sync="TRUE">ACCTID</attrlabl><attalias Sync="TRUE">ACCTID</attalias><attrtype Sync="TRUE">String</attrtype><attwidth Sync="TRUE">254</attwidth><atprecis Sync="TRUE">0</atprecis><attscale Sync="TRUE">0</attscale></attr><attr><attrlabl Sync="TRUE">MPVACRES</attrlabl><attalias Sync="TRUE">MPVACRES</attalias><attrtype Sync="TRUE">String</attrtype><attwidth Sync="TRUE">254</attwidth><atprecis Sync="TRUE">0</atprecis><attscale Sync="TRUE">0</attscale></attr><attr><attrlabl Sync="TRUE">COUNTY</attrlabl><attalias Sync="TRUE">COUNTY</attalias><attrtype Sync="TRUE">String</attrtype><attwidth Sync="TRUE">254</attwidth><atprecis Sync="TRUE">0</atprecis><attscale Sync="TRUE">0</attscale></attr><attr><attrlabl Sync="TRUE">NOTES</attrlabl><attalias Sync="TRUE">NOTES</attalias><attrtype Sync="TRUE">String</attrtype><attwidth Sync="TRUE">254</attwidth><atprecis Sync="TRUE">0</atprecis><attscale Sync="TRUE">0</attscale></attr><attr><attrlabl Sync="TRUE">PROPVWYR</attrlabl><attalias Sync="TRUE">PROPVWYR</attalias><attrtype Sync="TRUE">String</attrtype><attwidth Sync="TRUE">254</attwidth><atprecis Sync="TRUE">0</atprecis><attscale Sync="TRUE">0</attscale></attr><attr><attrlabl Sync="TRUE">OBJECTID</attrlabl><attalias Sync="TRUE">OBJECTID</attalias><attrtype Sync="TRUE">Integer</attrtype><attwidth Sync="TRUE">9</attwidth><atprecis Sync="TRUE">9</atprecis><attscale Sync="TRUE">0</attscale></attr><attr><attrlabl Sync="TRUE">PIN</attrlabl><attalias Sync="TRUE">PIN</attalias><attrtype Sync="TRUE">String</attrtype><attwidth Sync="TRUE">25</attwidth><atprecis Sync="TRUE">0</atprecis><attscale Sync="TRUE">0</attscale></attr><attr><attrlabl Sync="TRUE">Shape_Leng</attrlabl><attalias Sync="TRUE">Shape_Leng</attalias><attrtype Sync="TRUE">Double</attrtype><attwidth Sync="TRUE">19</attwidth><atprecis Sync="TRUE">0</atprecis><attscale Sync="TRUE">0</attscale></attr><attr><attrlabl Sync="TRUE">Shape_Area</attrlabl><attalias Sync="TRUE">Shape_Area</attalias><attrtype Sync="TRUE">Double</attrtype><attwidth Sync="TRUE">19</attwidth><atprecis Sync="TRUE">0</atprecis><attscale Sync="TRUE">0</attscale><attrdef Sync="TRUE">Area of feature in internal units squared.</attrdef><attrdefs Sync="TRUE">ESRI</attrdefs><attrdomv><udom Sync="TRUE">Positive real numbers that are automatically generated.</udom></attrdomv></attr><attr><attrlabl Sync="TRUE">ACRES_POLY</attrlabl><attalias Sync="TRUE">ACRES_POLY</attalias><attrtype Sync="TRUE">Double</attrtype><attwidth Sync="TRUE">12</attwidth><atprecis Sync="TRUE">11</atprecis><attscale Sync="TRUE">3</attscale></attr></detailed></eainfo><mdDateSt Sync="TRUE">20130521</mdDateSt><dataqual><lineage><procstep><procdesc Sync="TRUE">Dataset copied.</procdesc><srcused Sync="TRUE"></srcused><procdate Sync="TRUE">20100914</procdate><proctime Sync="TRUE">11030500</proctime></procstep></lineage></dataqual></metadata>
