<?xml version="1.0" encoding="UTF-8"?>
<metadata xml:lang="en"><Esri><CreaDate>20140220</CreaDate><CreaTime>14431700</CreaTime><SyncOnce>FALSE</SyncOnce><DataProperties><itemProps><itemName Sync="TRUE">SWFCA_BPWstate_FCA13</itemName><imsContentType Sync="TRUE">002</imsContentType><itemSize Sync="TRUE">0.000</itemSize><itemLocation><linkage Sync="TRUE">file://\\Geodata2\data\FCA2013submittals\SWFCA_BPWstate_FCA13.shp</linkage><protocol Sync="TRUE">Local Area Network</protocol></itemLocation></itemProps><coordRef><type Sync="TRUE">Projected</type><geogcsn Sync="TRUE">GCS_North_American_1983</geogcsn><csUnits Sync="TRUE">Linear Unit: Meter (1.000000)</csUnits><projcsn Sync="TRUE">NAD_1983_StatePlane_Maryland_FIPS_1900</projcsn><peXml Sync="TRUE">&lt;ProjectedCoordinateSystem xsi:type='typens:ProjectedCoordinateSystem' xmlns:xsi='http://www.w3.org/2001/XMLSchema-instance' xmlns:xs='http://www.w3.org/2001/XMLSchema' xmlns:typens='http://www.esri.com/schemas/ArcGIS/10.0'&gt;&lt;WKT&gt;PROJCS[&amp;quot;NAD_1983_StatePlane_Maryland_FIPS_1900&amp;quot;,GEOGCS[&amp;quot;GCS_North_American_1983&amp;quot;,DATUM[&amp;quot;D_North_American_1983&amp;quot;,SPHEROID[&amp;quot;GRS_1980&amp;quot;,6378137.0,298.257222101]],PRIMEM[&amp;quot;Greenwich&amp;quot;,0.0],UNIT[&amp;quot;Degree&amp;quot;,0.0174532925199433]],PROJECTION[&amp;quot;Lambert_Conformal_Conic&amp;quot;],PARAMETER[&amp;quot;False_Easting&amp;quot;,400000.0],PARAMETER[&amp;quot;False_Northing&amp;quot;,0.0],PARAMETER[&amp;quot;Central_Meridian&amp;quot;,-77.0],PARAMETER[&amp;quot;Standard_Parallel_1&amp;quot;,38.3],PARAMETER[&amp;quot;Standard_Parallel_2&amp;quot;,39.45],PARAMETER[&amp;quot;Latitude_Of_Origin&amp;quot;,37.66666666666666],UNIT[&amp;quot;Meter&amp;quot;,1.0],AUTHORITY[&amp;quot;EPSG&amp;quot;,26985]]&lt;/WKT&gt;&lt;XOrigin&gt;-36747100&lt;/XOrigin&gt;&lt;YOrigin&gt;-29091500&lt;/YOrigin&gt;&lt;XYScale&gt;121236910.21292362&lt;/XYScale&gt;&lt;ZOrigin&gt;-100000&lt;/ZOrigin&gt;&lt;ZScale&gt;10000&lt;/ZScale&gt;&lt;MOrigin&gt;-100000&lt;/MOrigin&gt;&lt;MScale&gt;10000&lt;/MScale&gt;&lt;XYTolerance&gt;0.001&lt;/XYTolerance&gt;&lt;ZTolerance&gt;0.001&lt;/ZTolerance&gt;&lt;MTolerance&gt;0.001&lt;/MTolerance&gt;&lt;HighPrecision&gt;true&lt;/HighPrecision&gt;&lt;WKID&gt;26985&lt;/WKID&gt;&lt;/ProjectedCoordinateSystem&gt;</peXml></coordRef><lineage><Process ToolSource="c:\program files (x86)\arcgis\desktop10.0\ArcToolbox\Toolboxes\Analysis Tools.tbx\Union" Date="20130130" Time="112708">Union "SWFCA_WOco_FCA12_ident #;FCA_DNR113013 #" R:\FCA2012submittals\SWFCA_SoM_FCA12_union.shp ALL # GAPS</Process><Process ToolSource="C:\Program Files (x86)\ArcGIS\Desktop10.0\ArcToolbox\Toolboxes\Data Management Tools.tbx\CalculateField" Date="20130130" Time="114032">CalculateField SWFCA_SoM_FCA12_union jurisdict_ [Jurisdict] VB #</Process><Process ToolSource="C:\Program Files (x86)\ArcGIS\Desktop10.0\ArcToolbox\Toolboxes\Data Management Tools.tbx\CalculateField" Date="20130130" Time="114057">CalculateField SWFCA_SoM_FCA12_union NAME [Name_1] VB #</Process><Process ToolSource="C:\Program Files (x86)\ArcGIS\Desktop10.0\ArcToolbox\Toolboxes\Data Management Tools.tbx\CalculateField" Date="20130130" Time="114137">CalculateField SWFCA_SoM_FCA12_union DATE_ [DATE1] VB #</Process><Process ToolSource="C:\Program Files (x86)\ArcGIS\Desktop10.0\ArcToolbox\Toolboxes\Data Management Tools.tbx\CalculateField" Date="20130130" Time="114213">CalculateField SWFCA_SoM_FCA12_union ANSI_code [ANSI_cod_1] VB #</Process><Process ToolSource="C:\Program Files (x86)\ArcGIS\Desktop10.0\ArcToolbox\Toolboxes\Data Management Tools.tbx\CalculateField" Date="20130130" Time="114231">CalculateField SWFCA_SoM_FCA12_union Submittal "2012" VB #</Process><Process ToolSource="C:\Program Files (x86)\ArcGIS\Desktop10.0\ArcToolbox\Toolboxes\Data Management Tools.tbx\CalculateField" Date="20130130" Time="114251">CalculateField SWFCA_SoM_FCA12_union area [area_1] VB #</Process><Process ToolSource="C:\Program Files (x86)\ArcGIS\Desktop10.0\ArcToolbox\Toolboxes\Data Management Tools.tbx\CalculateField" Date="20130130" Time="114403">CalculateField SWFCA_SoM_FCA12_union Type_1 [Type_12] VB #</Process><Process ToolSource="C:\Program Files (x86)\ArcGIS\Desktop10.0\ArcToolbox\Toolboxes\Data Management Tools.tbx\CalculateField" Date="20130130" Time="114445">CalculateField SWFCA_SoM_FCA12_union note [Note_1] VB #</Process><Process ToolSource="C:\Program Files (x86)\ArcGIS\Desktop10.0\ArcToolbox\Toolboxes\Data Management Tools.tbx\CalculateField" Date="20130130" Time="114514">CalculateField SWFCA_SoM_FCA12_union File [File_1] VB #</Process><Process ToolSource="c:\program files (x86)\arcgis\desktop10.0\ArcToolbox\Toolboxes\Data Management Tools.tbx\Merge" Date="20131007" Time="155157">Merge SWFCA_2012;CarrollCounty_FCA R:\FCA2013submittals\SWFCA_CCco_FCA13_2.shp "FID_SWFCA_ "FID_SWFCA_" true true false 9 Long 0 9 ,First,#,SWFCA_2012,FID_SWFCA_,-1,-1;DATE_ "DATE_" true true false 8 Date 0 0 ,First,#,SWFCA_2012,DATE_,-1,-1;NAME "NAME" true true false 254 Text 0 0 ,First,#,SWFCA_2012,NAME,-1,-1;File "File" true true false 20 Text 0 0 ,First,#,SWFCA_2012,File,-1,-1;Type_1 "Type_1" true true false 20 Text 0 0 ,First,#,SWFCA_2012,Type_1,-1,-1;jurisdict_ "jurisdict_" true true false 50 Text 0 0 ,First,#,SWFCA_2012,jurisdict_,-1,-1;note "note" true true false 50 Text 0 0 ,First,#,SWFCA_2012,note,-1,-1;area "area" true true false 14 Double 3 13 ,First,#,SWFCA_2012,area,-1,-1;ANSI_code "ANSI_code" true true false 10 Text 0 0 ,First,#,SWFCA_2012,ANSI_code,-1,-1;Submittal "Submittal" true true false 6 Long 0 6 ,First,#,SWFCA_2012,Submittal,-1,-1;OBJECTID "OBJECTID" true true false 10 Double 0 10 ,First,#,CarrollCounty_FCA,OBJECTID,-1,-1;NOTES "NOTES" true true false 50 Text 0 0 ,First,#,CarrollCounty_FCA,NOTES,-1,-1;VIOLATIONS "VIOLATIONS" true true false 50 Text 0 0 ,First,#,CarrollCounty_FCA,VIOLATIONS,-1,-1;ACREAGE "ACREAGE" true true false 19 Double 8 18 ,First,#,CarrollCounty_FCA,ACREAGE,-1,-1;TYPE "TYPE" true true false 25 Text 0 0 ,First,#,CarrollCounty_FCA,TYPE,-1,-1;RECORD "RECORD" true true false 8 Date 0 0 ,First,#,CarrollCounty_FCA,RECORD,-1,-1;PLAT "PLAT" true true false 30 Text 0 0 ,First,#,CarrollCounty_FCA,PLAT,-1,-1;STATUS "STATUS" true true false 10 Text 0 0 ,First,#,CarrollCounty_FCA,STATUS,-1,-1;DESIGNATIO "DESIGNATIO" true true false 10 Text 0 0 ,First,#,CarrollCounty_FCA,DESIGNATIO,-1,-1;PROJECT_FI "PROJECT_FI" true true false 12 Text 0 0 ,First,#,CarrollCounty_FCA,PROJECT_FI,-1,-1;PLAT_FILEN "PLAT_FILEN" true true false 20 Text 0 0 ,First,#,CarrollCounty_FCA,PLAT_FILEN,-1,-1;PROJECT "PROJECT" true true false 120 Text 0 0 ,First,#,CarrollCounty_FCA,PROJECT,-1,-1;RECORDING_ "RECORDING_" true true false 30 Text 0 0 ,First,#,CarrollCounty_FCA,RECORDING_,-1,-1;Shape_area "Shape_area" true true false 19 Double 0 0 ,First,#,CarrollCounty_FCA,Shape_area,-1,-1;Shape_len "Shape_len" true true false 19 Double 0 0 ,First,#,CarrollCounty_FCA,Shape_len,-1,-1"</Process><Process ToolSource="c:\program files (x86)\arcgis\desktop10.0\ArcToolbox\Toolboxes\Data Management Tools.tbx\CalculateField" Date="20131007" Time="155551">CalculateField SWFCA_CCco_FCA13_2 Submittal "2013" VB #</Process><Process ToolSource="c:\program files (x86)\arcgis\desktop10.0\ArcToolbox\Toolboxes\Data Management Tools.tbx\CalculateField" Date="20131007" Time="155623">CalculateField SWFCA_CCco_FCA13_2 NAME [PROJECT] VB #</Process><Process ToolSource="c:\program files (x86)\arcgis\desktop10.0\ArcToolbox\Toolboxes\Data Management Tools.tbx\CalculateField" Date="20131007" Time="155643">CalculateField SWFCA_CCco_FCA13_2 DATE_ [RECORD] VB #</Process><Process ToolSource="c:\program files (x86)\arcgis\desktop10.0\ArcToolbox\Toolboxes\Data Management Tools.tbx\CalculateField" Date="20131007" Time="155720">CalculateField SWFCA_CCco_FCA13_2 File [PROJECT_FI] VB #</Process><Process ToolSource="c:\program files (x86)\arcgis\desktop10.0\ArcToolbox\Toolboxes\Data Management Tools.tbx\CalculateField" Date="20131007" Time="155745">CalculateField SWFCA_CCco_FCA13_2 jurisdict_ "Carroll County" VB #</Process><Process ToolSource="c:\program files (x86)\arcgis\desktop10.0\ArcToolbox\Toolboxes\Data Management Tools.tbx\CalculateField" Date="20131007" Time="155809">CalculateField SWFCA_CCco_FCA13_2 area [ACREAGE] VB #</Process><Process ToolSource="c:\program files (x86)\arcgis\desktop10.0\ArcToolbox\Toolboxes\Data Management Tools.tbx\CalculateField" Date="20131007" Time="155845">CalculateField SWFCA_CCco_FCA13_2 Type_1 [TYPE] VB #</Process><Process ToolSource="c:\program files (x86)\arcgis\desktop10.0\ArcToolbox\Toolboxes\Data Management Tools.tbx\CalculateField" Date="20131007" Time="160557">CalculateField SWFCA_CCco_FCA13_2 ANSI_code "24013H1" VB #</Process><Process ToolSource="c:\program files (x86)\arcgis\desktop10.0\ArcToolbox\Toolboxes\Data Management Tools.tbx\Merge" Date="20131007" Time="161130">Merge SWFCA_CCco_FCA13_2;CecilCounty_FCA R:\FCA2013submittals\SWFCA_CEco_FCA13_2.shp "FID_SWFCA_ "FID_SWFCA_" true true false 9 Long 0 9 ,First,#,SWFCA_CCco_FCA13_2,FID_SWFCA_,-1,-1;DATE_ "DATE_" true true false 8 Date 0 0 ,First,#,SWFCA_CCco_FCA13_2,DATE_,-1,-1;NAME "NAME" true true false 254 Text 0 0 ,First,#,SWFCA_CCco_FCA13_2,NAME,-1,-1;File "File" true true false 20 Text 0 0 ,First,#,SWFCA_CCco_FCA13_2,File,-1,-1;Type_1 "Type_1" true true false 20 Text 0 0 ,First,#,SWFCA_CCco_FCA13_2,Type_1,-1,-1;jurisdict_ "jurisdict_" true true false 50 Text 0 0 ,First,#,SWFCA_CCco_FCA13_2,jurisdict_,-1,-1;note "note" true true false 50 Text 0 0 ,First,#,SWFCA_CCco_FCA13_2,note,-1,-1;area "area" true true false 14 Double 3 13 ,First,#,SWFCA_CCco_FCA13_2,area,-1,-1;ANSI_code "ANSI_code" true true false 10 Text 0 0 ,First,#,SWFCA_CCco_FCA13_2,ANSI_code,-1,-1;Submittal "Submittal" true true false 6 Long 0 6 ,First,#,SWFCA_CCco_FCA13_2,Submittal,-1,-1;Id "Id" true true false 6 Long 0 6 ,First,#,CecilCounty_FCA,Id,-1,-1;File__ "File__" true true false 5 Text 0 0 ,First,#,CecilCounty_FCA,File__,-1,-1;Project_Na "Project_Na" true true false 254 Text 0 0 ,First,#,CecilCounty_FCA,Project_Na,-1,-1;AreaID "AreaID" true true false 254 Text 0 0 ,First,#,CecilCounty_FCA,AreaID,-1,-1;Acres "Acres" true true false 10 Text 0 0 ,First,#,CecilCounty_FCA,Acres,-1,-1"</Process><Process ToolSource="c:\program files (x86)\arcgis\desktop10.0\ArcToolbox\Toolboxes\Data Management Tools.tbx\CalculateField" Date="20131007" Time="161300">CalculateField SWFCA_CEco_FCA13_2 NAME [Project_Na] VB #</Process><Process ToolSource="c:\program files (x86)\arcgis\desktop10.0\ArcToolbox\Toolboxes\Data Management Tools.tbx\CalculateField" Date="20131007" Time="161327">CalculateField SWFCA_CEco_FCA13_2 Submittal "2013" VB #</Process><Process ToolSource="c:\program files (x86)\arcgis\desktop10.0\ArcToolbox\Toolboxes\Data Management Tools.tbx\CalculateField" Date="20131007" Time="161354">CalculateField SWFCA_CEco_FCA13_2 ANSI_code "24015H1" VB #</Process><Process ToolSource="c:\program files (x86)\arcgis\desktop10.0\ArcToolbox\Toolboxes\Data Management Tools.tbx\CalculateField" Date="20131007" Time="161409">CalculateField SWFCA_CEco_FCA13_2 area [Acres] VB #</Process><Process ToolSource="c:\program files (x86)\arcgis\desktop10.0\ArcToolbox\Toolboxes\Data Management Tools.tbx\CalculateField" Date="20131007" Time="161432">CalculateField SWFCA_CEco_FCA13_2 jurisdict_ "Cecil County" VB #</Process><Process ToolSource="c:\program files (x86)\arcgis\desktop10.0\ArcToolbox\Toolboxes\Data Management Tools.tbx\CalculateField" Date="20131007" Time="161451">CalculateField SWFCA_CEco_FCA13_2 Type_1 "unknown" VB #</Process><Process ToolSource="c:\program files (x86)\arcgis\desktop10.0\ArcToolbox\Toolboxes\Data Management Tools.tbx\CalculateField" Date="20131007" Time="161517">CalculateField SWFCA_CEco_FCA13_2 File [File__] VB #</Process><Process ToolSource="c:\program files (x86)\arcgis\desktop10.0\ArcToolbox\Toolboxes\Data Management Tools.tbx\Merge" Date="20131007" Time="162012">Merge SWFCA_CEco_FCA13_2;FCAeasementsFrederick_City2012_repro R:\FCA2013submittals\SWFCA_CityFr_FCA13_2.shp "FID_SWFCA_ "FID_SWFCA_" true true false 9 Long 0 9 ,First,#,SWFCA_CEco_FCA13_2,FID_SWFCA_,-1,-1;DATE_ "DATE_" true true false 8 Date 0 0 ,First,#,SWFCA_CEco_FCA13_2,DATE_,-1,-1,FCAeasementsFrederick_City2012_repro,Date_,-1,-1;NAME "NAME" true true false 254 Text 0 0 ,First,#,SWFCA_CEco_FCA13_2,NAME,-1,-1;File "File" true true false 20 Text 0 0 ,First,#,SWFCA_CEco_FCA13_2,File,-1,-1,FCAeasementsFrederick_City2012_repro,File,-1,-1;Type_1 "Type_1" true true false 20 Text 0 0 ,First,#,SWFCA_CEco_FCA13_2,Type_1,-1,-1,FCAeasementsFrederick_City2012_repro,Type_1,-1,-1;jurisdict_ "jurisdict_" true true false 50 Text 0 0 ,First,#,SWFCA_CEco_FCA13_2,jurisdict_,-1,-1,FCAeasementsFrederick_City2012_repro,jurisdict_,-1,-1;note "note" true true false 50 Text 0 0 ,First,#,SWFCA_CEco_FCA13_2,note,-1,-1;area "area" true true false 14 Double 3 13 ,First,#,SWFCA_CEco_FCA13_2,area,-1,-1;ANSI_code "ANSI_code" true true false 10 Text 0 0 ,First,#,SWFCA_CEco_FCA13_2,ANSI_code,-1,-1;Submittal "Submittal" true true false 6 Long 0 6 ,First,#,SWFCA_CEco_FCA13_2,Submittal,-1,-1;FIPs_Code "FIPs_Code" true true false 15 Text 0 0 ,First,#,FCAeasementsFrederick_City2012_repro,FIPs_Code,-1,-1;area_ "area_" true true false 12 Double 6 11 ,First,#,FCAeasementsFrederick_City2012_repro,area_,-1,-1;Name_ "Name_" true true false 50 Text 0 0 ,First,#,FCAeasementsFrederick_City2012_repro,Name_,-1,-1"</Process><Process ToolSource="c:\program files (x86)\arcgis\desktop10.0\ArcToolbox\Toolboxes\Data Management Tools.tbx\CalculateField" Date="20131007" Time="163000">CalculateField SWFCA_CityFr_FCA13_2 Type_1 "unknown" VB #</Process><Process ToolSource="c:\program files (x86)\arcgis\desktop10.0\ArcToolbox\Toolboxes\Data Management Tools.tbx\CalculateField" Date="20131007" Time="163016">CalculateField SWFCA_CityFr_FCA13_2 area [area_] VB #</Process><Process ToolSource="c:\program files (x86)\arcgis\desktop10.0\ArcToolbox\Toolboxes\Data Management Tools.tbx\CalculateField" Date="20131007" Time="163029">CalculateField SWFCA_CityFr_FCA13_2 NAME [Name_] VB #</Process><Process ToolSource="c:\program files (x86)\arcgis\desktop10.0\ArcToolbox\Toolboxes\Data Management Tools.tbx\CalculateField" Date="20131007" Time="163052">CalculateField SWFCA_CityFr_FCA13_2 Submittal "2013" VB #</Process><Process ToolSource="c:\program files (x86)\arcgis\desktop10.0\ArcToolbox\Toolboxes\Data Management Tools.tbx\CalculateField" Date="20131007" Time="163117">CalculateField SWFCA_CityFr_FCA13_2 ANSI_code "24021H1" VB #</Process><Process ToolSource="c:\program files (x86)\arcgis\desktop10.0\ArcToolbox\Toolboxes\Data Management Tools.tbx\Merge" Date="20131007" Time="163505">Merge SWFCA_CityFr_FCA13_2;FrederickCounty_FCA R:\FCA2013submittals\SWFCA_FrCo_FCA13_2.shp "FID_SWFCA_ "FID_SWFCA_" true true false 9 Long 0 9 ,First,#,SWFCA_CityFr_FCA13_2,FID_SWFCA_,-1,-1;DATE_ "DATE_" true true false 8 Date 0 0 ,First,#,SWFCA_CityFr_FCA13_2,DATE_,-1,-1;NAME "NAME" true true false 254 Text 0 0 ,First,#,SWFCA_CityFr_FCA13_2,NAME,-1,-1,FrederickCounty_FCA,NAME,-1,-1;File "File" true true false 20 Text 0 0 ,First,#,SWFCA_CityFr_FCA13_2,File,-1,-1;Type_1 "Type_1" true true false 20 Text 0 0 ,First,#,SWFCA_CityFr_FCA13_2,Type_1,-1,-1;jurisdict_ "jurisdict_" true true false 50 Text 0 0 ,First,#,SWFCA_CityFr_FCA13_2,jurisdict_,-1,-1;note "note" true true false 50 Text 0 0 ,First,#,SWFCA_CityFr_FCA13_2,note,-1,-1;area "area" true true false 14 Double 3 13 ,First,#,SWFCA_CityFr_FCA13_2,area,-1,-1;ANSI_code "ANSI_code" true true false 10 Text 0 0 ,First,#,SWFCA_CityFr_FCA13_2,ANSI_code,-1,-1;Submittal "Submittal" true true false 6 Long 0 6 ,First,#,SWFCA_CityFr_FCA13_2,Submittal,-1,-1;SUBDIVID "SUBDIVID" true true false 10 Text 0 0 ,First,#,FrederickCounty_FCA,SUBDIVID,-1,-1;FROID "FROID" true true false 8 Text 0 0 ,First,#,FrederickCounty_FCA,FROID,-1,-1;WATERSHED "WATERSHED" true true false 30 Text 0 0 ,First,#,FrederickCounty_FCA,WATERSHED,-1,-1;LIBER "LIBER" true true false 10 Text 0 0 ,First,#,FrederickCounty_FCA,LIBER,-1,-1;FOLIO "FOLIO" true true false 10 Text 0 0 ,First,#,FrederickCounty_FCA,FOLIO,-1,-1;Area_SqFt "Area_SqFt" true true false 19 Double 0 0 ,First,#,FrederickCounty_FCA,Area_SqFt,-1,-1;Type "Type" true true false 20 Text 0 0 ,First,#,FrederickCounty_FCA,Type,-1,-1"</Process><Process ToolSource="c:\program files (x86)\arcgis\desktop10.0\ArcToolbox\Toolboxes\Data Management Tools.tbx\CalculateField" Date="20131007" Time="164138">CalculateField SWFCA_FrCo_FCA13_2 Liber_Foli "[LIBER] +"_" + [FOLIO]" VB #</Process><Process ToolSource="c:\program files (x86)\arcgis\desktop10.0\ArcToolbox\Toolboxes\Data Management Tools.tbx\CalculateField" Date="20131007" Time="164239">CalculateField SWFCA_FrCo_FCA13_2 acre "[Area_SqFt] *1 /43560" VB #</Process><Process ToolSource="c:\program files (x86)\arcgis\desktop10.0\ArcToolbox\Toolboxes\Data Management Tools.tbx\CalculateField" Date="20131007" Time="164257">CalculateField SWFCA_FrCo_FCA13_2 Submittal "2013" VB #</Process><Process ToolSource="c:\program files (x86)\arcgis\desktop10.0\ArcToolbox\Toolboxes\Data Management Tools.tbx\CalculateField" Date="20131007" Time="164325">CalculateField SWFCA_FrCo_FCA13_2 jurisdict_ "Frederick County" VB #</Process><Process ToolSource="c:\program files (x86)\arcgis\desktop10.0\ArcToolbox\Toolboxes\Data Management Tools.tbx\CalculateField" Date="20131007" Time="164348">CalculateField SWFCA_FrCo_FCA13_2 ANSI_code "24021H1" VB #</Process><Process ToolSource="c:\program files (x86)\arcgis\desktop10.0\ArcToolbox\Toolboxes\Data Management Tools.tbx\CalculateField" Date="20131007" Time="164402">CalculateField SWFCA_FrCo_FCA13_2 area [acre] VB #</Process><Process ToolSource="c:\program files (x86)\arcgis\desktop10.0\ArcToolbox\Toolboxes\Data Management Tools.tbx\CalculateField" Date="20131007" Time="164425">CalculateField SWFCA_FrCo_FCA13_2 Type_1 [Type] VB #</Process><Process ToolSource="c:\program files (x86)\arcgis\desktop10.0\ArcToolbox\Toolboxes\Data Management Tools.tbx\CalculateField" Date="20131007" Time="164544">CalculateField SWFCA_FrCo_FCA13_2 File [Liber_Foli] VB #</Process><Process ToolSource="c:\program files (x86)\arcgis\desktop10.0\ArcToolbox\Toolboxes\Data Management Tools.tbx\Merge" Date="20131007" Time="170327">Merge SWFCA_FrCo_FCA13_2;HarfordCounty_FCA R:\FCA2013submittals\SWFCA_HaCo_FCA13.shp "FID_SWFCA_ "FID_SWFCA_" true true false 9 Long 0 9 ,First,#,SWFCA_FrCo_FCA13_2,FID_SWFCA_,-1,-1;DATE_ "DATE_" true true false 8 Date 0 0 ,First,#,SWFCA_FrCo_FCA13_2,DATE_,-1,-1,HarfordCounty_FCA,Date_,-1,-1;NAME "NAME" true true false 254 Text 0 0 ,First,#,SWFCA_FrCo_FCA13_2,NAME,-1,-1,HarfordCounty_FCA,Name,-1,-1;File "File" true true false 20 Text 0 0 ,First,#,SWFCA_FrCo_FCA13_2,File,-1,-1,HarfordCounty_FCA,File,-1,-1;Type_1 "Type_1" true true false 20 Text 0 0 ,First,#,SWFCA_FrCo_FCA13_2,Type_1,-1,-1,HarfordCounty_FCA,Type_1,-1,-1;jurisdict_ "jurisdict_" true true false 50 Text 0 0 ,First,#,SWFCA_FrCo_FCA13_2,jurisdict_,-1,-1,HarfordCounty_FCA,Jurisdict_,-1,-1;note "note" true true false 50 Text 0 0 ,First,#,SWFCA_FrCo_FCA13_2,note,-1,-1;area "area" true true false 14 Double 3 13 ,First,#,SWFCA_FrCo_FCA13_2,area,-1,-1;ANSI_code "ANSI_code" true true false 10 Text 0 0 ,First,#,SWFCA_FrCo_FCA13_2,ANSI_code,-1,-1;Submittal "Submittal" true true false 6 Long 0 6 ,First,#,SWFCA_FrCo_FCA13_2,Submittal,-1,-1;FIPs_Code "FIPs_Code" true true false 15 Text 0 0 ,First,#,HarfordCounty_FCA,FIPs_Code,-1,-1;Area_sqft "Area_sqft" true true false 19 Double 0 0 ,First,#,HarfordCounty_FCA,Area_sqft,-1,-1;Area_ac "Area_ac" true true false 19 Double 0 0 ,First,#,HarfordCounty_FCA,Area_ac,-1,-1"</Process><Process ToolSource="c:\program files (x86)\arcgis\desktop10.0\ArcToolbox\Toolboxes\Data Management Tools.tbx\CalculateField" Date="20131007" Time="173015">CalculateField SWFCA_HaCo_FCA13 Submittal "2013" VB #</Process><Process ToolSource="c:\program files (x86)\arcgis\desktop10.0\ArcToolbox\Toolboxes\Data Management Tools.tbx\CalculateField" Date="20131007" Time="173056">CalculateField SWFCA_HaCo_FCA13 Type_1 "unknown" VB #</Process><Process ToolSource="c:\program files (x86)\arcgis\desktop10.0\ArcToolbox\Toolboxes\Data Management Tools.tbx\CalculateField" Date="20131007" Time="173113">CalculateField SWFCA_HaCo_FCA13 area [Area_ac] VB #</Process><Process ToolSource="c:\program files (x86)\arcgis\desktop10.0\ArcToolbox\Toolboxes\Data Management Tools.tbx\CalculateField" Date="20131007" Time="173318">CalculateField SWFCA_HaCo_FCA13 ANSI_code "24025H1" VB #</Process><Process ToolSource="c:\program files (x86)\arcgis\desktop10.0\ArcToolbox\Toolboxes\Data Management Tools.tbx\Merge" Date="20131008" Time="133001">Merge SWFCA_HaCo_FCA13;HoCo_additions_repro R:\FCA2013submittals\SWFCA_HoCo_FCA13.shp "FID_SWFCA_ "FID_SWFCA_" true true false 9 Long 0 9 ,First,#,SWFCA_HaCo_FCA13,FID_SWFCA_,-1,-1;DATE_ "DATE_" true true false 8 Date 0 0 ,First,#,SWFCA_HaCo_FCA13,DATE_,-1,-1;NAME "NAME" true true false 254 Text 0 0 ,First,#,SWFCA_HaCo_FCA13,NAME,-1,-1;File "File" true true false 20 Text 0 0 ,First,#,SWFCA_HaCo_FCA13,File,-1,-1;Type_1 "Type_1" true true false 20 Text 0 0 ,First,#,SWFCA_HaCo_FCA13,Type_1,-1,-1;jurisdict_ "jurisdict_" true true false 50 Text 0 0 ,First,#,SWFCA_HaCo_FCA13,jurisdict_,-1,-1;note "note" true true false 50 Text 0 0 ,First,#,SWFCA_HaCo_FCA13,note,-1,-1;area "area" true true false 14 Double 3 13 ,First,#,SWFCA_HaCo_FCA13,area,-1,-1;ANSI_code "ANSI_code" true true false 10 Text 0 0 ,First,#,SWFCA_HaCo_FCA13,ANSI_code,-1,-1;Submittal "Submittal" true true false 6 Long 0 6 ,First,#,SWFCA_HaCo_FCA13,Submittal,-1,-1;ID "ID" true true false 11 Double 0 11 ,First,#,HoCo_additions_repro,ID,-1,-1;SUB_DIVISI "SUB_DIVISI" true true false 50 Text 0 0 ,First,#,HoCo_additions_repro,SUB_DIVISI,-1,-1;FNUMBER "FNUMBER" true true false 50 Text 0 0 ,First,#,HoCo_additions_repro,FNUMBER,-1,-1;AREA_ID "AREA_ID" true true false 50 Text 0 0 ,First,#,HoCo_additions_repro,AREA_ID,-1,-1;LOT "LOT" true true false 50 Text 0 0 ,First,#,HoCo_additions_repro,LOT,-1,-1;ACRES "ACRES" true true false 19 Double 15 18 ,First,#,HoCo_additions_repro,ACRES,-1,-1;PLAT_REFER "PLAT_REFER" true true false 50 Text 0 0 ,First,#,HoCo_additions_repro,PLAT_REFER,-1,-1;ORIGIN "ORIGIN" true true false 50 Text 0 0 ,First,#,HoCo_additions_repro,ORIGIN,-1,-1;X "X" true true false 19 Double 15 18 ,First,#,HoCo_additions_repro,X,-1,-1;Y "Y" true true false 19 Double 15 18 ,First,#,HoCo_additions_repro,Y,-1,-1;ACCTNO "ACCTNO" true true false 50 Text 0 0 ,First,#,HoCo_additions_repro,ACCTNO,-1,-1;PLANAPPRDA "PLANAPPRDA" true true false 50 Text 0 0 ,First,#,HoCo_additions_repro,PLANAPPRDA,-1,-1;HCFIPSCODE "HCFIPSCODE" true true false 19 Double 15 18 ,First,#,HoCo_additions_repro,HCFIPSCODE,-1,-1;MDFIPSCODE "MDFIPSCODE" true true false 19 Double 15 18 ,First,#,HoCo_additions_repro,MDFIPSCODE,-1,-1;FCATYPE "FCATYPE" true true false 50 Text 0 0 ,First,#,HoCo_additions_repro,FCATYPE,-1,-1;type "type" true true false 20 Text 0 0 ,First,#,HoCo_additions_repro,type,-1,-1"</Process><Process ToolSource="c:\program files (x86)\arcgis\desktop10.0\ArcToolbox\Toolboxes\Data Management Tools.tbx\CalculateField" Date="20131008" Time="133222">CalculateField SWFCA_HoCo_FCA13 Submittal "2013" VB #</Process><Process ToolSource="c:\program files (x86)\arcgis\desktop10.0\ArcToolbox\Toolboxes\Data Management Tools.tbx\CalculateField" Date="20131008" Time="133316">CalculateField SWFCA_HoCo_FCA13 jurisdict_ "Howard County" VB #</Process><Process ToolSource="c:\program files (x86)\arcgis\desktop10.0\ArcToolbox\Toolboxes\Data Management Tools.tbx\CalculateField" Date="20131008" Time="133352">CalculateField SWFCA_HoCo_FCA13 NAME [SUB_DIVISI] VB #</Process><Process ToolSource="c:\program files (x86)\arcgis\desktop10.0\ArcToolbox\Toolboxes\Data Management Tools.tbx\CalculateField" Date="20131008" Time="133435">CalculateField SWFCA_HoCo_FCA13 File [FNUMBER] VB #</Process><Process ToolSource="c:\program files (x86)\arcgis\desktop10.0\ArcToolbox\Toolboxes\Data Management Tools.tbx\CalculateField" Date="20131008" Time="133608">CalculateField SWFCA_HoCo_FCA13 area [ACRES] VB #</Process><Process ToolSource="c:\program files (x86)\arcgis\desktop10.0\ArcToolbox\Toolboxes\Data Management Tools.tbx\CalculateField" Date="20131008" Time="133823">CalculateField SWFCA_HoCo_FCA13 Type_1 [type] VB #</Process><Process ToolSource="c:\program files (x86)\arcgis\desktop10.0\ArcToolbox\Toolboxes\Data Management Tools.tbx\CalculateField" Date="20131008" Time="134022">CalculateField SWFCA_HoCo_FCA13 ANSI_code "24027H1" VB #</Process><Process ToolSource="c:\program files (x86)\arcgis\desktop10.0\ArcToolbox\Toolboxes\Data Management Tools.tbx\CalculateField" Date="20131008" Time="134415">CalculateField SWFCA_HoCo_FCA13 note [ORIGIN] VB #</Process><Process ToolSource="c:\program files (x86)\arcgis\desktop10.0\ArcToolbox\Toolboxes\Data Management Tools.tbx\Merge" Date="20131030" Time="113913">Merge SWFCA_HoCo_FCA13;MiddleTown_FCA R:\FCA2013submittals\SWFCA_Middletown_FCA13.shp "FID_SWFCA_ "FID_SWFCA_" true true false 9 Long 0 9 ,First,#,SWFCA_HoCo_FCA13,FID_SWFCA_,-1,-1;DATE_ "DATE_" true true false 8 Date 0 0 ,First,#,SWFCA_HoCo_FCA13,DATE_,-1,-1,MiddleTown_FCA,Date_,-1,-1;NAME "NAME" true true false 254 Text 0 0 ,First,#,SWFCA_HoCo_FCA13,NAME,-1,-1;File "File" true true false 20 Text 0 0 ,First,#,SWFCA_HoCo_FCA13,File,-1,-1;Type_1 "Type_1" true true false 20 Text 0 0 ,First,#,SWFCA_HoCo_FCA13,Type_1,-1,-1;jurisdict_ "jurisdict_" true true false 50 Text 0 0 ,First,#,SWFCA_HoCo_FCA13,jurisdict_,-1,-1;note "note" true true false 50 Text 0 0 ,First,#,SWFCA_HoCo_FCA13,note,-1,-1;area "area" true true false 14 Double 3 13 ,First,#,SWFCA_HoCo_FCA13,area,-1,-1;ANSI_code "ANSI_code" true true false 10 Text 0 0 ,First,#,SWFCA_HoCo_FCA13,ANSI_code,-1,-1;Submittal "Submittal" true true false 6 Long 0 6 ,First,#,SWFCA_HoCo_FCA13,Submittal,-1,-1;OBJECTID "OBJECTID" true true false 9 Long 0 9 ,First,#,MiddleTown_FCA,OBJECTID,-1,-1;FileNumber "FileNumber" true true false 50 Text 0 0 ,First,#,MiddleTown_FCA,FileNumber,-1,-1;FIPS "FIPS" true true false 50 Text 0 0 ,First,#,MiddleTown_FCA,FIPS,-1,-1;Type "Type" true true false 4 Short 0 4 ,First,#,MiddleTown_FCA,Type,-1,-1;SHAPE_Leng "SHAPE_Leng" true true false 19 Double 0 0 ,First,#,MiddleTown_FCA,SHAPE_Leng,-1,-1;SHAPE_Area "SHAPE_Area" true true false 19 Double 0 0 ,First,#,MiddleTown_FCA,SHAPE_Area,-1,-1;Comments "Comments" true true false 254 Text 0 0 ,First,#,MiddleTown_FCA,Comments,-1,-1;Net_Trac_A "Net_Trac_A" true true false 19 Double 0 0 ,First,#,MiddleTown_FCA,Net_Trac_A,-1,-1;Fee_In_Lie "Fee_In_Lie" true true false 4 Short 0 4 ,First,#,MiddleTown_FCA,Fee_In_Lie,-1,-1;Fee_Paid "Fee_Paid" true true false 19 Double 0 0 ,First,#,MiddleTown_FCA,Fee_Paid,-1,-1;Plan_Area "Plan_Area" true true false 19 Double 0 0 ,First,#,MiddleTown_FCA,Plan_Area,-1,-1;Plan_Acres "Plan_Acres" true true false 19 Double 0 0 ,First,#,MiddleTown_FCA,Plan_Acres,-1,-1"</Process><Process ToolSource="C:\Program Files (x86)\ArcGIS\Desktop10.0\ArcToolbox\Toolboxes\Data Management Tools.tbx\CalculateField" Date="20131030" Time="115014">CalculateField SWFCA_Middletown_FCA13 NAME [Comments] VB #</Process><Process ToolSource="C:\Program Files (x86)\ArcGIS\Desktop10.0\ArcToolbox\Toolboxes\Data Management Tools.tbx\CalculateField" Date="20131030" Time="115111">CalculateField SWFCA_Middletown_FCA13 File [FileNumber] VB #</Process><Process ToolSource="C:\Program Files (x86)\ArcGIS\Desktop10.0\ArcToolbox\Toolboxes\Data Management Tools.tbx\CalculateField" Date="20131030" Time="115134">CalculateField SWFCA_Middletown_FCA13 Type_1 "unknown" VB #</Process><Process ToolSource="C:\Program Files (x86)\ArcGIS\Desktop10.0\ArcToolbox\Toolboxes\Data Management Tools.tbx\CalculateField" Date="20131030" Time="115249">CalculateField SWFCA_Middletown_FCA13 jurisdict_ "Middletown" VB #</Process><Process ToolSource="C:\Program Files (x86)\ArcGIS\Desktop10.0\ArcToolbox\Toolboxes\Data Management Tools.tbx\CalculateField" Date="20131030" Time="115314">CalculateField SWFCA_Middletown_FCA13 Submittal "2013" VB #</Process><Process ToolSource="C:\Program Files (x86)\ArcGIS\Desktop10.0\ArcToolbox\Toolboxes\Data Management Tools.tbx\CalculateField" Date="20131030" Time="115423">CalculateField SWFCA_Middletown_FCA13 ANSI_code "24524H1" VB #</Process><Process ToolSource="C:\Program Files (x86)\ArcGIS\Desktop10.0\ArcToolbox\Toolboxes\Data Management Tools.tbx\CalculateField" Date="20131030" Time="115456">CalculateField SWFCA_Middletown_FCA13 area [Plan_Acres] VB #</Process><Process ToolSource="c:\program files (x86)\arcgis\desktop10.0\ArcToolbox\Toolboxes\Data Management Tools.tbx\Merge" Date="20131030" Time="123041">Merge SWFCA_Middletown_FCA13;MontgomeryCounty_FCA R:\FCA2013submittals\SWFCA_MoCo_FCA13.shp "FID_SWFCA_ "FID_SWFCA_" true true false 9 Long 0 9 ,First,#,SWFCA_Middletown_FCA13,FID_SWFCA_,-1,-1;DATE_ "DATE_" true true false 8 Date 0 0 ,First,#,SWFCA_Middletown_FCA13,DATE_,-1,-1;NAME "NAME" true true false 254 Text 0 0 ,First,#,SWFCA_Middletown_FCA13,NAME,-1,-1;File "File" true true false 20 Text 0 0 ,First,#,SWFCA_Middletown_FCA13,File,-1,-1;Type_1 "Type_1" true true false 20 Text 0 0 ,First,#,SWFCA_Middletown_FCA13,Type_1,-1,-1;jurisdict_ "jurisdict_" true true false 50 Text 0 0 ,First,#,SWFCA_Middletown_FCA13,jurisdict_,-1,-1;note "note" true true false 50 Text 0 0 ,First,#,SWFCA_Middletown_FCA13,note,-1,-1;area "area" true true false 14 Double 3 13 ,First,#,SWFCA_Middletown_FCA13,area,-1,-1;ANSI_code "ANSI_code" true true false 10 Text 0 0 ,First,#,SWFCA_Middletown_FCA13,ANSI_code,-1,-1;Submittal "Submittal" true true false 6 Long 0 6 ,First,#,SWFCA_Middletown_FCA13,Submittal,-1,-1;E_ID "E_ID" true true false 19 Double 0 0 ,First,#,MontgomeryCounty_FCA,E_ID,-1,-1;ETYPE "ETYPE" true true false 25 Text 0 0 ,First,#,MontgomeryCounty_FCA,ETYPE,-1,-1;STARTDATE "STARTDATE" true true false 8 Date 0 0 ,First,#,MontgomeryCounty_FCA,STARTDATE,-1,-1;FTYPE "FTYPE" true true false 12 Text 0 0 ,First,#,MontgomeryCounty_FCA,FTYPE,-1,-1;SHAPE_Leng "SHAPE_Leng" true true false 19 Double 0 0 ,First,#,MontgomeryCounty_FCA,SHAPE_Leng,-1,-1;SHAPE_Area "SHAPE_Area" true true false 19 Double 0 0 ,First,#,MontgomeryCounty_FCA,SHAPE_Area,-1,-1"</Process><Process ToolSource="C:\Program Files (x86)\ArcGIS\Desktop10.0\ArcToolbox\Toolboxes\Data Management Tools.tbx\CalculateField" Date="20131030" Time="141114">CalculateField SWFCA_MoCo_FCA13 DATE_ [STARTDATE] VB #</Process><Process ToolSource="C:\Program Files (x86)\ArcGIS\Desktop10.0\ArcToolbox\Toolboxes\Data Management Tools.tbx\CalculateField" Date="20131030" Time="141143">CalculateField SWFCA_MoCo_FCA13 jurisdict_ "Montgomery County" VB #</Process><Process ToolSource="C:\Program Files (x86)\ArcGIS\Desktop10.0\ArcToolbox\Toolboxes\Data Management Tools.tbx\CalculateField" Date="20131030" Time="141216">CalculateField SWFCA_MoCo_FCA13 Type_1 [FTYPE] VB #</Process><Process ToolSource="C:\Program Files (x86)\ArcGIS\Desktop10.0\ArcToolbox\Toolboxes\Data Management Tools.tbx\CalculateField" Date="20131030" Time="142125">CalculateField SWFCA_MoCo_FCA13 Submittal "2013" VB #</Process><Process ToolSource="C:\Program Files (x86)\ArcGIS\Desktop10.0\ArcToolbox\Toolboxes\Data Management Tools.tbx\CalculateField" Date="20131030" Time="142238">CalculateField SWFCA_MoCo_FCA13 ANSI_code "24031H1" VB #</Process><Process ToolSource="c:\program files (x86)\arcgis\desktop10.0\ArcToolbox\Toolboxes\Data Management Tools.tbx\Merge" Date="20131030" Time="151207">Merge SWFCA_MoCo_FCA13;StMarysCounty_FCA R:\FCA2013submittals\SWFCA_SMCo_FCA13.shp "FID_SWFCA_ "FID_SWFCA_" true true false 9 Long 0 9 ,First,#,SWFCA_MoCo_FCA13,FID_SWFCA_,-1,-1;DATE_ "DATE_" true true false 8 Date 0 0 ,First,#,SWFCA_MoCo_FCA13,DATE_,-1,-1;NAME "NAME" true true false 254 Text 0 0 ,First,#,SWFCA_MoCo_FCA13,NAME,-1,-1;File "File" true true false 20 Text 0 0 ,First,#,SWFCA_MoCo_FCA13,File,-1,-1;Type_1 "Type_1" true true false 20 Text 0 0 ,First,#,SWFCA_MoCo_FCA13,Type_1,-1,-1;jurisdict_ "jurisdict_" true true false 50 Text 0 0 ,First,#,SWFCA_MoCo_FCA13,jurisdict_,-1,-1;note "note" true true false 50 Text 0 0 ,First,#,SWFCA_MoCo_FCA13,note,-1,-1;area "area" true true false 14 Double 3 13 ,First,#,SWFCA_MoCo_FCA13,area,-1,-1;ANSI_code "ANSI_code" true true false 10 Text 0 0 ,First,#,SWFCA_MoCo_FCA13,ANSI_code,-1,-1;Submittal "Submittal" true true false 6 Long 0 6 ,First,#,SWFCA_MoCo_FCA13,Submittal,-1,-1;Id "Id" true true false 6 Long 0 6 ,First,#,StMarysCounty_FCA,Id,-1,-1"</Process><Process ToolSource="C:\Program Files (x86)\ArcGIS\Desktop10.0\ArcToolbox\Toolboxes\Data Management Tools.tbx\CalculateField" Date="20131030" Time="151426">CalculateField SWFCA_SMCo_FCA13 Submittal "2013" VB #</Process><Process ToolSource="C:\Program Files (x86)\ArcGIS\Desktop10.0\ArcToolbox\Toolboxes\Data Management Tools.tbx\CalculateField" Date="20131030" Time="151453">CalculateField SWFCA_SMCo_FCA13 jurisdict_ ""St. Mary's County"" VB #</Process><Process ToolSource="C:\Program Files (x86)\ArcGIS\Desktop10.0\ArcToolbox\Toolboxes\Data Management Tools.tbx\CalculateField" Date="20131030" Time="151516">CalculateField SWFCA_SMCo_FCA13 Type_1 "unknown" VB #</Process><Process ToolSource="C:\Program Files (x86)\ArcGIS\Desktop10.0\ArcToolbox\Toolboxes\Data Management Tools.tbx\CalculateField" Date="20131030" Time="151633">CalculateField SWFCA_SMCo_FCA13 ANSI_code "24031H1" VB #</Process><Process ToolSource="C:\Program Files (x86)\ArcGIS\Desktop10.0\ArcToolbox\Toolboxes\Data Management Tools.tbx\CalculateField" Date="20131030" Time="151655">CalculateField SWFCA_SMCo_FCA13 ANSI_code "24037H1" VB #</Process><Process ToolSource="c:\program files (x86)\arcgis\desktop10.0\ArcToolbox\Toolboxes\Data Management Tools.tbx\Merge" Date="20131030" Time="151953">Merge SWFCA_SMCo_FCA13;WashingtonCounty_FCA R:\FCA2013submittals\SWFCA_WaCo_FCA13.shp "FID_SWFCA_ "FID_SWFCA_" true true false 9 Long 0 9 ,First,#,SWFCA_SMCo_FCA13,FID_SWFCA_,-1,-1;DATE_ "DATE_" true true false 8 Date 0 0 ,First,#,SWFCA_SMCo_FCA13,DATE_,-1,-1;NAME "NAME" true true false 254 Text 0 0 ,First,#,SWFCA_SMCo_FCA13,NAME,-1,-1;File "File" true true false 20 Text 0 0 ,First,#,SWFCA_SMCo_FCA13,File,-1,-1;Type_1 "Type_1" true true false 20 Text 0 0 ,First,#,SWFCA_SMCo_FCA13,Type_1,-1,-1;jurisdict_ "jurisdict_" true true false 50 Text 0 0 ,First,#,SWFCA_SMCo_FCA13,jurisdict_,-1,-1;note "note" true true false 50 Text 0 0 ,First,#,SWFCA_SMCo_FCA13,note,-1,-1;area "area" true true false 14 Double 3 13 ,First,#,SWFCA_SMCo_FCA13,area,-1,-1;ANSI_code "ANSI_code" true true false 10 Text 0 0 ,First,#,SWFCA_SMCo_FCA13,ANSI_code,-1,-1;Submittal "Submittal" true true false 6 Long 0 6 ,First,#,SWFCA_SMCo_FCA13,Submittal,-1,-1;PLN_APPROV "PLN_APPROV" true true false 8 Date 0 0 ,First,#,WashingtonCounty_FCA,PLN_APPROV,-1,-1;FILE_NUM "FILE_NUM" true true false 15 Text 0 0 ,First,#,WashingtonCounty_FCA,FILE_NUM,-1,-1;FIPS_CODE "FIPS_CODE" true true false 19 Double 8 18 ,First,#,WashingtonCounty_FCA,FIPS_CODE,-1,-1;FOR_TYPE "FOR_TYPE" true true false 25 Text 0 0 ,First,#,WashingtonCounty_FCA,FOR_TYPE,-1,-1;AREA_SQFT "AREA_SQFT" true true false 19 Double 8 18 ,First,#,WashingtonCounty_FCA,AREA_SQFT,-1,-1"</Process><Process ToolSource="C:\Program Files (x86)\ArcGIS\Desktop10.0\ArcToolbox\Toolboxes\Data Management Tools.tbx\CalculateField" Date="20131030" Time="152235">CalculateField SWFCA_WaCo_FCA13 Submittal "2013" VB #</Process><Process ToolSource="C:\Program Files (x86)\ArcGIS\Desktop10.0\ArcToolbox\Toolboxes\Data Management Tools.tbx\CalculateField" Date="20131030" Time="152310">CalculateField SWFCA_WaCo_FCA13 DATE_ [PLN_APPROV] VB #</Process><Process ToolSource="C:\Program Files (x86)\ArcGIS\Desktop10.0\ArcToolbox\Toolboxes\Data Management Tools.tbx\CalculateField" Date="20131030" Time="152337">CalculateField SWFCA_WaCo_FCA13 File [FILE_NUM] VB #</Process><Process ToolSource="C:\Program Files (x86)\ArcGIS\Desktop10.0\ArcToolbox\Toolboxes\Data Management Tools.tbx\CalculateField" Date="20131030" Time="152405">CalculateField SWFCA_WaCo_FCA13 jurisdict_ "Washington County" VB #</Process><Process ToolSource="C:\Program Files (x86)\ArcGIS\Desktop10.0\ArcToolbox\Toolboxes\Data Management Tools.tbx\CalculateField" Date="20131030" Time="152441">CalculateField SWFCA_WaCo_FCA13 Type_1 [FOR_TYPE] VB #</Process><Process ToolSource="C:\Program Files (x86)\ArcGIS\Desktop10.0\ArcToolbox\Toolboxes\Data Management Tools.tbx\CalculateField" Date="20131030" Time="152604">CalculateField SWFCA_WaCo_FCA13 acres [AREA_SQFT]*1/43560 VB #</Process><Process ToolSource="C:\Program Files (x86)\ArcGIS\Desktop10.0\ArcToolbox\Toolboxes\Data Management Tools.tbx\CalculateField" Date="20131030" Time="152623">CalculateField SWFCA_WaCo_FCA13 area [acres] VB #</Process><Process ToolSource="C:\Program Files (x86)\ArcGIS\Desktop10.0\ArcToolbox\Toolboxes\Data Management Tools.tbx\CalculateField" Date="20131030" Time="152947">CalculateField SWFCA_WaCo_FCA13 ANSI_code "24043H1" VB #</Process><Process ToolSource="c:\program files (x86)\arcgis\desktop10.0\ArcToolbox\Toolboxes\Data Management Tools.tbx\Merge" Date="20131030" Time="153652">Merge SWFCA_WaCo_FCA13;WorcesterCounty_FCA R:\FCA2013submittals\SWFCA_WoCo_FCA13.shp "FID_SWFCA_ "FID_SWFCA_" true true false 9 Long 0 9 ,First,#,SWFCA_WaCo_FCA13,FID_SWFCA_,-1,-1;DATE_ "DATE_" true true false 8 Date 0 0 ,First,#,SWFCA_WaCo_FCA13,DATE_,-1,-1;NAME "NAME" true true false 254 Text 0 0 ,First,#,SWFCA_WaCo_FCA13,NAME,-1,-1;File "File" true true false 20 Text 0 0 ,First,#,SWFCA_WaCo_FCA13,File,-1,-1;Type_1 "Type_1" true true false 20 Text 0 0 ,First,#,SWFCA_WaCo_FCA13,Type_1,-1,-1;jurisdict_ "jurisdict_" true true false 50 Text 0 0 ,First,#,SWFCA_WaCo_FCA13,jurisdict_,-1,-1;note "note" true true false 50 Text 0 0 ,First,#,SWFCA_WaCo_FCA13,note,-1,-1;area "area" true true false 14 Double 3 13 ,First,#,SWFCA_WaCo_FCA13,area,-1,-1;ANSI_code "ANSI_code" true true false 10 Text 0 0 ,First,#,SWFCA_WaCo_FCA13,ANSI_code,-1,-1;Submittal "Submittal" true true false 6 Long 0 6 ,First,#,SWFCA_WaCo_FCA13,Submittal,-1,-1;OBJECTID "OBJECTID" true true false 9 Long 0 9 ,First,#,WorcesterCounty_FCA,OBJECTID,-1,-1;FCP_ID "FCP_ID" true true false 10 Text 0 0 ,First,#,WorcesterCounty_FCA,FCP_ID,-1,-1;WATERSHED8 "WATERSHED8" true true false 25 Text 0 0 ,First,#,WorcesterCounty_FCA,WATERSHED8,-1,-1;OWNER "OWNER" true true false 50 Text 0 0 ,First,#,WorcesterCounty_FCA,OWNER,-1,-1;Tax_Map "Tax_Map" true true false 4 Short 0 4 ,First,#,WorcesterCounty_FCA,Tax_Map,-1,-1;Parcel "Parcel" true true false 4 Short 0 4 ,First,#,WorcesterCounty_FCA,Parcel,-1,-1;Acres_surv "Acres_surv" true true false 19 Double 0 0 ,First,#,WorcesterCounty_FCA,Acres_surv,-1,-1;Plat "Plat" true true false 75 Text 0 0 ,First,#,WorcesterCounty_FCA,Plat,-1,-1;Type "Type" true true false 50 Text 0 0 ,First,#,WorcesterCounty_FCA,Type,-1,-1;Recording_ "Recording_" true true false 8 Date 0 0 ,First,#,WorcesterCounty_FCA,Recording_,-1,-1;FIPs_Code "FIPs_Code" true true false 4 Short 0 4 ,First,#,WorcesterCounty_FCA,FIPs_Code,-1,-1;StateRepor "StateRepor" true true false 8 Date 0 0 ,First,#,WorcesterCounty_FCA,StateRepor,-1,-1;Project "Project" true true false 100 Text 0 0 ,First,#,WorcesterCounty_FCA,Project,-1,-1;Shape_Leng "Shape_Leng" true true false 19 Double 0 0 ,First,#,WorcesterCounty_FCA,Shape_Leng,-1,-1;Shape_Area "Shape_Area" true true false 19 Double 0 0 ,First,#,WorcesterCounty_FCA,Shape_Area,-1,-1"</Process><Process ToolSource="C:\Program Files (x86)\ArcGIS\Desktop10.0\ArcToolbox\Toolboxes\Data Management Tools.tbx\CalculateField" Date="20131030" Time="154235">CalculateField SWFCA_WoCo_FCA13 NAME [Project] VB #</Process><Process ToolSource="C:\Program Files (x86)\ArcGIS\Desktop10.0\ArcToolbox\Toolboxes\Data Management Tools.tbx\CalculateField" Date="20131030" Time="154328">CalculateField SWFCA_WoCo_FCA13 DATE_ [Recording_] VB #</Process><Process ToolSource="C:\Program Files (x86)\ArcGIS\Desktop10.0\ArcToolbox\Toolboxes\Data Management Tools.tbx\CalculateField" Date="20131030" Time="154417">CalculateField SWFCA_WoCo_FCA13 File [FCP_ID] VB #</Process><Process ToolSource="C:\Program Files (x86)\ArcGIS\Desktop10.0\ArcToolbox\Toolboxes\Data Management Tools.tbx\CalculateField" Date="20131030" Time="154454">CalculateField SWFCA_WoCo_FCA13 Type_1 [Type] VB #</Process><Process ToolSource="C:\Program Files (x86)\ArcGIS\Desktop10.0\ArcToolbox\Toolboxes\Data Management Tools.tbx\CalculateField" Date="20131030" Time="154927">CalculateField SWFCA_WoCo_FCA13 jurisdict_ "Worcester County" VB #</Process><Process ToolSource="C:\Program Files (x86)\ArcGIS\Desktop10.0\ArcToolbox\Toolboxes\Data Management Tools.tbx\CalculateField" Date="20131030" Time="154953">CalculateField SWFCA_WoCo_FCA13 Submittal "2013" VB #</Process><Process ToolSource="C:\Program Files (x86)\ArcGIS\Desktop10.0\ArcToolbox\Toolboxes\Data Management Tools.tbx\CalculateField" Date="20131030" Time="155113">CalculateField SWFCA_WoCo_FCA13 ANSI_code "24047H1" VB #</Process><Process ToolSource="c:\program files (x86)\arcgis\desktop10.0\ArcToolbox\Toolboxes\Data Management Tools.tbx\Merge" Date="20140220" Time="140931">Merge SWFCA;FCA_BPW_Properties R:\FCA2013submittals\SWFCA_BPWstate_FCA13.shp "FID_SWFCA_ "FID_SWFCA_" true true false 9 Long 0 9 ,First,#,SWFCA,FID_SWFCA_,-1,-1;DATE_ "DATE_" true true false 8 Date 0 0 ,First,#,SWFCA,DATE_,-1,-1,FCA_BPW_Properties,DATE_,-1,-1;NAME "NAME" true true false 254 Text 0 0 ,First,#,SWFCA,NAME,-1,-1,FCA_BPW_Properties,Name,-1,-1;File "File" true true false 20 Text 0 0 ,First,#,SWFCA,File,-1,-1,FCA_BPW_Properties,File,-1,-1;Type_1 "Type_1" true true false 20 Text 0 0 ,First,#,SWFCA,Type_1,-1,-1,FCA_BPW_Properties,Type_1,-1,-1;jurisdict_ "jurisdict_" true true false 50 Text 0 0 ,First,#,SWFCA,jurisdict_,-1,-1;note "note" true true false 50 Text 0 0 ,First,#,SWFCA,note,-1,-1;area "area" true true false 14 Double 3 13 ,First,#,SWFCA,area,-1,-1,FCA_BPW_Properties,area,-1,-1;ANSI_code "ANSI_code" true true false 10 Text 0 0 ,First,#,SWFCA,ANSI_code,-1,-1,FCA_BPW_Properties,ANSI_code,-1,-1;Submittal "Submittal" true true false 6 Long 0 6 ,First,#,SWFCA,Submittal,-1,-1,FCA_BPW_Properties,Submittal,-1,-1;Jurisdict "Jurisdict" true true false 50 Text 0 0 ,First,#,FCA_BPW_Properties,Jurisdict,-1,-1;County "County" true true false 50 Text 0 0 ,First,#,FCA_BPW_Properties,County,-1,-1"</Process><Process ToolSource="C:\Program Files (x86)\ArcGIS\Desktop10.0\ArcToolbox\Toolboxes\Data Management Tools.tbx\CalculateField" Date="20140220" Time="142133">CalculateField SWFCA_BPWstate_FCA13 jurisdict_ "State of Maryland" VB #</Process></lineage><copyHistory><copy source="M:\ProtectedLand\ForestConservationEasements\SWFCA" dest="\\Geodata2\data\FCA2013submittals\SWFCA" date="20131004" time="12353800"></copy></copyHistory></DataProperties><SyncDate>20140220</SyncDate><SyncTime>14092100</SyncTime><ModDate>20140220</ModDate><ModTime>14092100</ModTime><ArcGISFormat>1.0</ArcGISFormat></Esri><dataIdInfo><envirDesc Sync="TRUE">Microsoft Windows 7 Version 6.1 (Build 7601) Service Pack 1; ESRI ArcGIS 10.0.4.4000</envirDesc><dataLang><languageCode value="eng" Sync="TRUE"></languageCode><countryCode value="USA" Sync="TRUE"></countryCode></dataLang><idCitation><resTitle Sync="TRUE">SWFCA_BPWstate_FCA13</resTitle><presForm><PresFormCd value="005" Sync="TRUE"></PresFormCd></presForm></idCitation><spatRpType><SpatRepTypCd value="001" Sync="TRUE"></SpatRepTypCd></spatRpType></dataIdInfo><mdLang><languageCode value="eng" Sync="TRUE"></languageCode><countryCode value="USA" Sync="TRUE"></countryCode></mdLang><mdChar><CharSetCd value="004" Sync="TRUE"></CharSetCd></mdChar><distInfo><distFormat><formatName Sync="TRUE">Shapefile</formatName></distFormat><distTranOps><transSize Sync="TRUE">0.000</transSize></distTranOps></distInfo><mdHrLv><ScopeCd value="005" Sync="TRUE"></ScopeCd></mdHrLv><mdHrLvName Sync="TRUE">dataset</mdHrLvName><refSysInfo><RefSystem><refSysID><identCode code="26985" Sync="TRUE" value="26985"></identCode><idCodeSpace Sync="TRUE">EPSG</idCodeSpace><idVersion Sync="TRUE">7.4.1</idVersion></refSysID></RefSystem></refSysInfo><spatRepInfo><VectSpatRep><geometObjs Name="SWFCA_BPWstate_FCA13"><geoObjTyp><GeoObjTypCd value="002" Sync="TRUE"></GeoObjTypCd></geoObjTyp><geoObjCnt Sync="TRUE">0</geoObjCnt></geometObjs><topLvl><TopoLevCd value="001" Sync="TRUE"></TopoLevCd></topLvl></VectSpatRep></spatRepInfo><spdoinfo><ptvctinf><esriterm><efeatyp Sync="TRUE">Simple</efeatyp><efeageom code="4" Sync="TRUE"></efeageom><esritopo Sync="TRUE">FALSE</esritopo><efeacnt Sync="TRUE">0</efeacnt><spindex Sync="TRUE">FALSE</spindex><linrefer Sync="TRUE">TRUE</linrefer></esriterm></ptvctinf></spdoinfo><eainfo><detailed Name="SWFCA_BPWstate_FCA13"><enttyp><enttypl Sync="TRUE">SWFCA_BPWstate_FCA13</enttypl><enttypt Sync="TRUE">Feature Class</enttypt><enttypc Sync="TRUE">0</enttypc></enttyp><attr><attrlabl Sync="TRUE">FID</attrlabl><attalias Sync="TRUE">FID</attalias><attrtype Sync="TRUE">OID</attrtype><attwidth Sync="TRUE">4</attwidth><atprecis Sync="TRUE">0</atprecis><attscale Sync="TRUE">0</attscale><attrdef Sync="TRUE">Internal feature number.</attrdef><attrdefs Sync="TRUE">ESRI</attrdefs><attrdomv><udom Sync="TRUE">Sequential unique whole numbers that are automatically generated.</udom></attrdomv></attr><attr><attrlabl Sync="TRUE">Shape</attrlabl><attalias Sync="TRUE">Shape</attalias><attrtype Sync="TRUE">Geometry</attrtype><attwidth Sync="TRUE">0</attwidth><atprecis Sync="TRUE">0</atprecis><attscale Sync="TRUE">0</attscale><attrdef Sync="TRUE">Feature geometry.</attrdef><attrdefs Sync="TRUE">ESRI</attrdefs><attrdomv><udom Sync="TRUE">Coordinates defining the features.</udom></attrdomv></attr><attr><attrlabl Sync="TRUE">FID_SWFCA_</attrlabl><attalias Sync="TRUE">FID_SWFCA_</attalias><attrtype Sync="TRUE">Integer</attrtype><attwidth Sync="TRUE">9</attwidth><atprecis Sync="TRUE">9</atprecis><attscale Sync="TRUE">0</attscale></attr><attr><attrlabl Sync="TRUE">DATE_</attrlabl><attalias Sync="TRUE">DATE_</attalias><attrtype Sync="TRUE">Date</attrtype><attwidth Sync="TRUE">8</attwidth><atprecis Sync="TRUE">0</atprecis><attscale Sync="TRUE">0</attscale></attr><attr><attrlabl Sync="TRUE">NAME</attrlabl><attalias Sync="TRUE">NAME</attalias><attrtype Sync="TRUE">String</attrtype><attwidth Sync="TRUE">254</attwidth><atprecis Sync="TRUE">0</atprecis><attscale Sync="TRUE">0</attscale></attr><attr><attrlabl Sync="TRUE">File</attrlabl><attalias Sync="TRUE">File</attalias><attrtype Sync="TRUE">String</attrtype><attwidth Sync="TRUE">20</attwidth><atprecis Sync="TRUE">0</atprecis><attscale Sync="TRUE">0</attscale></attr><attr><attrlabl Sync="TRUE">Type_1</attrlabl><attalias Sync="TRUE">Type_1</attalias><attrtype Sync="TRUE">String</attrtype><attwidth Sync="TRUE">20</attwidth><atprecis Sync="TRUE">0</atprecis><attscale Sync="TRUE">0</attscale></attr><attr><attrlabl Sync="TRUE">jurisdict_</attrlabl><attalias Sync="TRUE">jurisdict_</attalias><attrtype Sync="TRUE">String</attrtype><attwidth Sync="TRUE">50</attwidth><atprecis Sync="TRUE">0</atprecis><attscale Sync="TRUE">0</attscale></attr><attr><attrlabl Sync="TRUE">note</attrlabl><attalias Sync="TRUE">note</attalias><attrtype Sync="TRUE">String</attrtype><attwidth Sync="TRUE">50</attwidth><atprecis Sync="TRUE">0</atprecis><attscale Sync="TRUE">0</attscale></attr><attr><attrlabl Sync="TRUE">area</attrlabl><attalias Sync="TRUE">area</attalias><attrtype Sync="TRUE">Double</attrtype><attwidth Sync="TRUE">14</attwidth><atprecis Sync="TRUE">13</atprecis><attscale Sync="TRUE">3</attscale></attr><attr><attrlabl Sync="TRUE">ANSI_code</attrlabl><attalias Sync="TRUE">ANSI_code</attalias><attrtype Sync="TRUE">String</attrtype><attwidth Sync="TRUE">10</attwidth><atprecis Sync="TRUE">0</atprecis><attscale Sync="TRUE">0</attscale></attr><attr><attrlabl Sync="TRUE">Submittal</attrlabl><attalias Sync="TRUE">Submittal</attalias><attrtype Sync="TRUE">Integer</attrtype><attwidth Sync="TRUE">6</attwidth><atprecis Sync="TRUE">6</atprecis><attscale Sync="TRUE">0</attscale></attr><attr><attrlabl Sync="TRUE">Jurisdict</attrlabl><attalias Sync="TRUE">Jurisdict</attalias><attrtype Sync="TRUE">String</attrtype><attwidth Sync="TRUE">50</attwidth><atprecis Sync="TRUE">0</atprecis><attscale Sync="TRUE">0</attscale></attr><attr><attrlabl Sync="TRUE">County</attrlabl><attalias Sync="TRUE">County</attalias><attrtype Sync="TRUE">String</attrtype><attwidth Sync="TRUE">50</attwidth><atprecis Sync="TRUE">0</atprecis><attscale Sync="TRUE">0</attscale></attr></detailed></eainfo><mdDateSt Sync="TRUE">20140220</mdDateSt></metadata>
