<?xml version="1.0"?>
<!--<!DOCTYPE metadata SYSTEM "http://www.esri.com/metadata/esriprof80.dtd">-->
<metadata xml:lang="en"><Esri><CreaDate>20130403</CreaDate><CreaTime>11473900</CreaTime><SyncOnce>FALSE</SyncOnce><DataProperties><lineage><Process Name="Create Feature Class" ToolSource="C:\Program Files\ArcGIS\ArcToolbox\Toolboxes\Data Management Tools.tbx\CreateFeatureclass" Date="20060117" Time="154711">CreateFeatureclass Z:\mdb_backends\ResPlanningLayers.mdb\DNRLands CentroidAll # 5-points_Layer SAME_AS_TEMPLATE SAME_AS_TEMPLATE "PROJCS['NAD_1983_StatePlane_Maryland_FIPS_1900',GEOGCS['GCS_North_American_1983',DATUM['D_North_American_1983',SPHEROID['GRS_1980',6378137.0,298.257222101]],PRIMEM['Greenwich',0.0],UNIT['Degree',0.0174532925199433]],PROJECTION['Lambert_Conformal_Conic'],PARAMETER['False_Easting',400000.0],PARAMETER['False_Northing',0.0],PARAMETER['Central_Meridian',-77.0],PARAMETER['Standard_Parallel_1',38.3],PARAMETER['Standard_Parallel_2',39.45],PARAMETER['Latitude_Of_Origin',37.66666666666666],UNIT['Meter',1.0]];-720942.507408544 -969397.331035845 976.562499090505;0 100000;0 100000" # 0 0 0 Z:\mdb_backends\ResPlanningLayers.mdb\DNRLands\CentroidAll</Process><Process Name="Append" ToolSource="C:\Program Files\ArcGIS\ArcToolbox\Toolboxes\Data Management Tools.tbx\Append" Date="20060117" Time="154714">Append 5-points_Layer Z:\mdb_backends\ResPlanningLayers.mdb\DNRLands\CentroidAll TEST Z:\mdb_backends\ResPlanningLayers.mdb\DNRLands\CentroidAll</Process><Process Name="FeatureClassToFeatureClass_2" ToolSource="C:\Program Files\ArcGIS\ArcToolbox\Toolboxes\Conversion Tools.tbx\FeatureClassToFeatureClass" Date="20060117" Time="154714">FeatureClassToFeatureClass Z:\mdb_backends\5-points.shp Z:\mdb_backends\ResPlanningLayers.mdb\DNRLands CentroidAll # "Id Id VISIBLE;COUNTY COUNTY VISIBLE;ACRES ACRES VISIBLE;LABEL LABEL VISIBLE;CREATEDATE CREATEDATE VISIBLE;EDITDATE EDITDATE VISIBLE;CODE CODE VISIBLE;LUNAME LUNAME VISIBLE;DNRNAME DNRNAME VISIBLE;OWNEDBY OWNEDBY VISIBLE;DNRACQNUM DNRACQNUM VISIBLE;TRACTNUMBE TRACTNUMBE VISIBLE;TRACTNAME TRACTNAME VISIBLE;MANAGEDBY MANAGEDBY VISIBLE;DNRREFNUM DNRREFNUM VISIBLE;DNRPROPMAP DNRPROPMAP VISIBLE;DEEDLINK DEEDLINK VISIBLE;BASECODE BASECODE VISIBLE;DESIG DESIG VISIBLE;REGION REGION VISIBLE;WEBLINK WEBLINK VISIBLE;MAPSTATUS MAPSTATUS VISIBLE;MAPDETAILS MAPDETAILS VISIBLE;TAXID TAXID VISIBLE;SCRATCH SCRATCH VISIBLE;PUBLICUSE PUBLICUSE VISIBLE;LEASEOWNER LEASEOWNER VISIBLE;RPLINK RPLINK VISIBLE;tmplib tmplib VISIBLE;tmpfol tmpfol VISIBLE;cpx_full cpx_full VISIBLE;cpxabb cpxabb VISIBLE;uDNRname uDNRname VISIBLE;dochlink dochlink VISIBLE;Shape_Leng Shape_Leng VISIBLE;Shape_Area Shape_Area VISIBLE;LandIntere LandIntere VISIBLE;LANDRECS LANDRECS VISIBLE;DEEDLU DEEDLU VISIBLE;GISMILES GISMILES VISIBLE;HuntingAll HuntingAll VISIBLE;ET_ID ET_ID VISIBLE;ET_X ET_X VISIBLE;ET_Y ET_Y VISIBLE;ET_IDP ET_IDP VISIBLE" SAME_AS_TEMPLATE SAME_AS_TEMPLATE # 0 Z:\mdb_backends\ResPlanningLayers.mdb\DNRLands\CentroidAll</Process><Process Name="CalculateField_1" ToolSource="C:\Program Files\ArcGIS\ArcToolbox\Toolboxes\Data Management Tools.tbx\CalculateField" Date="20080904" Time="173858">CalculateField \\tawespld\pld\Common\tech\programs\PLPP_backends\DateStampedResPlanningLayers.mdb\DNRLands\CentroidAll SCRATCH "strScratch " VB # \\tawespld\pld\Common\tech\programs\PLPP_backends\DateStampedResPlanningLayers.mdb\DNRLands\CentroidAll</Process><Process Name="Calculate Field (2)" ToolSource="C:\Program Files\ArcGIS\ArcToolbox\Toolboxes\Data Management Tools.tbx\CalculateField" Date="20080904" Time="174439">CalculateField L:\tech\programs\PLPP_backends\DateStampedResPlanningLayers.mdb\DNRLands\CentroidAll SCRATCH "strScratch " VB # L:\tech\programs\PLPP_backends\DateStampedResPlanningLayers.mdb\DNRLands\CentroidAll</Process><Process Name="Calculate Field (2)" ToolSource="C:\Program Files\ArcGIS\ArcToolbox\Toolboxes\Data Management Tools.tbx\CalculateField" Date="20080904" Time="174750">CalculateField L:\tech\programs\PLPP_backends\DateStampedResPlanningLayers.mdb\DNRLands\CentroidAll SCRATCH "[CODE] &amp;"_" &amp; [DNRACQNUM]" VB # L:\tech\programs\PLPP_backends\DateStampedResPlanningLayers.mdb\DNRLands\CentroidAll</Process><Process Name="ET PointCoordinates" ToolSource="C:\Documents and Settings\lbowne\Application Data\ESRI\ArcToolbox\My Toolboxes\ET GeoWizards.tbx\ET_GPPointCoordinates" Date="20100412" Time="131646">ET_GPPointCoordinates L:\tech\programs\PLPP_backends\DateStampedResPlanningLayers.mdb\DNRLands\CentroidAll L:\tech\programs\PLPP_backends\DateStampedResPlanningLayers.mdb\DNRLands\CentroidAll "Decimal Degrees" 8 #</Process><Process Name="ET PointCoordinates" ToolSource="C:\Documents and Settings\lbowne\Application Data\ESRI\ArcToolbox\My Toolboxes\ET GeoWizards.tbx\ET_GPPointCoordinates" Date="20100412" Time="133402">ET_GPPointCoordinates L:\tech\programs\PLPP_backends\DateStampedResPlanningLayers.mdb\DNRLands\CentroidAll L:\tech\programs\PLPP_backends\DateStampedResPlanningLayers.mdb\DNRLands\CentroidAll "Decimal Degrees" 8 #</Process><Process Name="Calculate Google Link" ToolSource="C:\Program Files\ArcGIS\ArcToolbox\Toolboxes\Data Management Tools.tbx\CalculateField" Date="20100412" Time="133407">CalculateField L:\tech\programs\PLPP_backends\DateStampedResPlanningLayers.mdb\DNRLands\CentroidAll GoogleMapURL ""http://maps.google.com/maps?q=" &amp; [ET_Lat] &amp; ",+" &amp; [ET_Lon] &amp; "+(" &amp; [LUNAME] &amp; " Txn: " &amp; [DNRACQNUM] &amp; " " &amp; [DeedDate] &amp; ")"" VB # L:\tech\programs\PLPP_backends\DateStampedResPlanningLayers.mdb\DNRLands\CentroidAll</Process><Process Name="ET PointCoordinates" ToolSource="C:\Documents and Settings\lbowne\Application Data\ESRI\ArcToolbox\My Toolboxes\ET GeoWizards.tbx\ET_GPPointCoordinates" Date="20100413" Time="153853">ET_GPPointCoordinates L:\tech\programs\PLPP_backends\DateStampedResPlanningLayers.mdb\DNRLands\CentroidAll L:\tech\programs\PLPP_backends\DateStampedResPlanningLayers.mdb\DNRLands\CentroidAll "Decimal Degrees" 8 #</Process><Process Name="Calculate Google Link" ToolSource="C:\Program Files\ArcGIS\ArcToolbox\Toolboxes\Data Management Tools.tbx\CalculateField" Date="20100413" Time="153901">CalculateField L:\tech\programs\PLPP_backends\DateStampedResPlanningLayers.mdb\DNRLands\CentroidAll GoogleMapURL ""http://maps.google.com/maps?q=" &amp; [ET_Lat] &amp; ",+" &amp; [ET_Lon] &amp; "+(" &amp; [LUNAME] &amp; " Txn: " &amp; [DNRACQNUM] &amp; " " &amp; [DeedDate] &amp; ")"" VB # L:\tech\programs\PLPP_backends\DateStampedResPlanningLayers.mdb\DNRLands\CentroidAll</Process><Process Name="ET PointCoordinates" ToolSource="C:\Documents and Settings\lbowne\Application Data\ESRI\ArcToolbox\My Toolboxes\ET GeoWizards.tbx\ET_GPPointCoordinates" Date="20100419" Time="175658">ET_GPPointCoordinates L:\tech\programs\PLPP_backends\DateStampedResPlanningLayers.mdb\DNRLands\CentroidAll L:\tech\programs\PLPP_backends\DateStampedResPlanningLayers.mdb\DNRLands\CentroidAll "Decimal Degrees" 8 #</Process><Process Name="Calculate Google Link" ToolSource="C:\Program Files\ArcGIS\ArcToolbox\Toolboxes\Data Management Tools.tbx\CalculateField" Date="20100419" Time="175706">CalculateField L:\tech\programs\PLPP_backends\DateStampedResPlanningLayers.mdb\DNRLands\CentroidAll GoogleMapURL ""http://maps.google.com/maps?q=" &amp; [ET_Lat] &amp; ",+" &amp; [ET_Lon] &amp; "+(" &amp; [LUNAME] &amp; " Txn: " &amp; [DNRACQNUM] &amp; " " &amp; [DeedDate] &amp; ")"" VB # L:\tech\programs\PLPP_backends\DateStampedResPlanningLayers.mdb\DNRLands\CentroidAll</Process><Process Name="ET PointCoordinates" ToolSource="C:\Documents and Settings\lbowne\Application Data\ESRI\ArcToolbox\My Toolboxes\ET GeoWizards.tbx\ET_GPPointCoordinates" Date="20100420" Time="171831">ET_GPPointCoordinates L:\tech\programs\PLPP_backends\DateStampedResPlanningLayers.mdb\DNRLands\CentroidAll L:\tech\programs\PLPP_backends\DateStampedResPlanningLayers.mdb\DNRLands\CentroidAll "Decimal Degrees" 8 #</Process><Process Name="Calculate Google Link" ToolSource="C:\Program Files\ArcGIS\ArcToolbox\Toolboxes\Data Management Tools.tbx\CalculateField" Date="20100420" Time="171837">CalculateField L:\tech\programs\PLPP_backends\DateStampedResPlanningLayers.mdb\DNRLands\CentroidAll GoogleMapURL ""http://maps.google.com/maps?q=" &amp; [ET_Lat] &amp; ",+" &amp; [ET_Lon] &amp; "+(" &amp; [LUNAME] &amp; " Txn: " &amp; [DNRACQNUM] &amp; " " &amp; [DeedDate] &amp; ")"" VB # L:\tech\programs\PLPP_backends\DateStampedResPlanningLayers.mdb\DNRLands\CentroidAll</Process><Process Name="ET PointCoordinates" ToolSource="C:\Documents and Settings\lbowne\Application Data\ESRI\ArcToolbox\My Toolboxes\ET GeoWizards.tbx\ET_GPPointCoordinates" Date="20100423" Time="111200">ET_GPPointCoordinates L:\tech\programs\PLPP_backends\DateStampedResPlanningLayers.mdb\DNRLands\CentroidAll L:\tech\programs\PLPP_backends\DateStampedResPlanningLayers.mdb\DNRLands\CentroidAll "Decimal Degrees" 8 #</Process><Process Name="Calculate Google Link" ToolSource="C:\Program Files\ArcGIS\ArcToolbox\Toolboxes\Data Management Tools.tbx\CalculateField" Date="20100423" Time="111208">CalculateField L:\tech\programs\PLPP_backends\DateStampedResPlanningLayers.mdb\DNRLands\CentroidAll GoogleMapURL ""http://maps.google.com/maps?q=" &amp; [ET_Lat] &amp; ",+" &amp; [ET_Lon] &amp; "+(" &amp; [LUNAME] &amp; " Txn: " &amp; [DNRACQNUM] &amp; " " &amp; [DeedDate] &amp; ")"" VB # L:\tech\programs\PLPP_backends\DateStampedResPlanningLayers.mdb\DNRLands\CentroidAll</Process><Process Name="ET PointCoordinates" ToolSource="C:\Documents and Settings\lbowne\Application Data\ESRI\ArcToolbox\My Toolboxes\ET GeoWizards.tbx\ET_GPPointCoordinates" Date="20100505" Time="134358">ET_GPPointCoordinates L:\tech\programs\PLPP_backends\DateStampedResPlanningLayers.mdb\DNRLands\CentroidAll L:\tech\programs\PLPP_backends\DateStampedResPlanningLayers.mdb\DNRLands\CentroidAll "Decimal Degrees" 8 #</Process><Process Name="Calculate Google Link" ToolSource="C:\Program Files\ArcGIS\ArcToolbox\Toolboxes\Data Management Tools.tbx\CalculateField" Date="20100505" Time="134407">CalculateField L:\tech\programs\PLPP_backends\DateStampedResPlanningLayers.mdb\DNRLands\CentroidAll GoogleMapURL ""http://maps.google.com/maps?q=" &amp; [ET_Lat] &amp; ",+" &amp; [ET_Lon] &amp; "+(" &amp; [LUNAME] &amp; " Txn: " &amp; [DNRACQNUM] &amp; " " &amp; [DeedDate] &amp; ")"" VB # L:\tech\programs\PLPP_backends\DateStampedResPlanningLayers.mdb\DNRLands\CentroidAll</Process><Process Name="ET PointCoordinates" ToolSource="C:\Documents and Settings\lbowne\Application Data\ESRI\ArcToolbox\My Toolboxes\ET GeoWizards.tbx\ET_GPPointCoordinates" Date="20100507" Time="135006">ET_GPPointCoordinates L:\tech\programs\PLPP_backends\DateStampedResPlanningLayers.mdb\DNRLands\CentroidAll L:\tech\programs\PLPP_backends\DateStampedResPlanningLayers.mdb\DNRLands\CentroidAll "Decimal Degrees" 8 #</Process><Process Name="Calculate Google Link" ToolSource="C:\Program Files\ArcGIS\ArcToolbox\Toolboxes\Data Management Tools.tbx\CalculateField" Date="20100507" Time="135015">CalculateField L:\tech\programs\PLPP_backends\DateStampedResPlanningLayers.mdb\DNRLands\CentroidAll GoogleMapURL ""http://maps.google.com/maps?q=" &amp; [ET_Lat] &amp; ",+" &amp; [ET_Lon] &amp; "+(" &amp; [LUNAME] &amp; " Txn: " &amp; [DNRACQNUM] &amp; " " &amp; [DeedDate] &amp; ")"" VB # L:\tech\programs\PLPP_backends\DateStampedResPlanningLayers.mdb\DNRLands\CentroidAll</Process><Process Name="ET PointCoordinates" ToolSource="C:\Documents and Settings\lbowne\Application Data\ESRI\ArcToolbox\My Toolboxes\ET GeoWizards.tbx\ET_GPPointCoordinates" Date="20100512" Time="140950">ET_GPPointCoordinates L:\tech\programs\PLPP_backends\DateStampedResPlanningLayers.mdb\DNRLands\CentroidAll L:\tech\programs\PLPP_backends\DateStampedResPlanningLayers.mdb\DNRLands\CentroidAll "Decimal Degrees" 8 #</Process><Process Name="Calculate Google Link" ToolSource="C:\Program Files\ArcGIS\ArcToolbox\Toolboxes\Data Management Tools.tbx\CalculateField" Date="20100512" Time="140958">CalculateField L:\tech\programs\PLPP_backends\DateStampedResPlanningLayers.mdb\DNRLands\CentroidAll GoogleMapURL ""http://maps.google.com/maps?q=" &amp; [ET_Lat] &amp; ",+" &amp; [ET_Lon] &amp; "+(" &amp; [LUNAME] &amp; " Txn: " &amp; [DNRACQNUM] &amp; " " &amp; [DeedDate] &amp; ")"" VB # L:\tech\programs\PLPP_backends\DateStampedResPlanningLayers.mdb\DNRLands\CentroidAll</Process><Process Name="ET PointCoordinates" ToolSource="C:\Documents and Settings\lbowne\Application Data\ESRI\ArcToolbox\My Toolboxes\ET GeoWizards.tbx\ET_GPPointCoordinates" Date="20100514" Time="143911">ET_GPPointCoordinates L:\tech\programs\PLPP_backends\DateStampedResPlanningLayers.mdb\DNRLands\CentroidAll L:\tech\programs\PLPP_backends\DateStampedResPlanningLayers.mdb\DNRLands\CentroidAll "Decimal Degrees" 8 #</Process><Process Name="Calculate Google Link" ToolSource="C:\Program Files\ArcGIS\ArcToolbox\Toolboxes\Data Management Tools.tbx\CalculateField" Date="20100514" Time="143927">CalculateField L:\tech\programs\PLPP_backends\DateStampedResPlanningLayers.mdb\DNRLands\CentroidAll GoogleMapURL ""http://maps.google.com/maps?q=" &amp; [ET_Lat] &amp; ",+" &amp; [ET_Lon] &amp; "+(" &amp; [LUNAME] &amp; " Txn: " &amp; [DNRACQNUM] &amp; " " &amp; [DeedDate] &amp; ")"" VB # L:\tech\programs\PLPP_backends\DateStampedResPlanningLayers.mdb\DNRLands\CentroidAll</Process><Process Name="ET PointCoordinates" ToolSource="C:\Documents and Settings\lbowne\Application Data\ESRI\ArcToolbox\My Toolboxes\ET GeoWizards.tbx\ET_GPPointCoordinates" Date="20100517" Time="142516">ET_GPPointCoordinates L:\tech\programs\PLPP_backends\DateStampedResPlanningLayers.mdb\DNRLands\CentroidAll L:\tech\programs\PLPP_backends\DateStampedResPlanningLayers.mdb\DNRLands\CentroidAll "Decimal Degrees" 8 #</Process><Process Name="Calculate Google Link" ToolSource="C:\Program Files\ArcGIS\ArcToolbox\Toolboxes\Data Management Tools.tbx\CalculateField" Date="20100517" Time="142523">CalculateField L:\tech\programs\PLPP_backends\DateStampedResPlanningLayers.mdb\DNRLands\CentroidAll GoogleMapURL ""http://maps.google.com/maps?q=" &amp; [ET_Lat] &amp; ",+" &amp; [ET_Lon] &amp; "+(" &amp; [LUNAME] &amp; " Txn: " &amp; [DNRACQNUM] &amp; " " &amp; [DeedDate] &amp; ")"" VB # L:\tech\programs\PLPP_backends\DateStampedResPlanningLayers.mdb\DNRLands\CentroidAll</Process><Process Name="ET PointCoordinates" ToolSource="C:\Documents and Settings\lbowne\Application Data\ESRI\ArcToolbox\My Toolboxes\ET GeoWizards.tbx\ET_GPPointCoordinates" Date="20100607" Time="201943">ET_GPPointCoordinates L:\tech\programs\PLPP_backends\DateStampedResPlanningLayers.mdb\DNRLands\CentroidAll L:\tech\programs\PLPP_backends\DateStampedResPlanningLayers.mdb\DNRLands\CentroidAll "Decimal Degrees" 8 #</Process><Process Name="Calculate Google Link" ToolSource="C:\Program Files\ArcGIS\ArcToolbox\Toolboxes\Data Management Tools.tbx\CalculateField" Date="20100607" Time="202000">CalculateField L:\tech\programs\PLPP_backends\DateStampedResPlanningLayers.mdb\DNRLands\CentroidAll GoogleMapURL ""http://maps.google.com/maps?q=" &amp; [ET_Lat] &amp; ",+" &amp; [ET_Lon] &amp; "+(" &amp; [LUNAME] &amp; " Txn: " &amp; [DNRACQNUM] &amp; " " &amp; [DeedDate] &amp; ")"" VB # L:\tech\programs\PLPP_backends\DateStampedResPlanningLayers.mdb\DNRLands\CentroidAll</Process><Process Name="ET PointCoordinates" ToolSource="C:\Documents and Settings\lbowne\Application Data\ESRI\ArcToolbox\My Toolboxes\ET GeoWizards.tbx\ET_GPPointCoordinates" Date="20100608" Time="191901">ET_GPPointCoordinates L:\tech\programs\PLPP_backends\DateStampedResPlanningLayers.mdb\DNRLands\CentroidAll L:\tech\programs\PLPP_backends\DateStampedResPlanningLayers.mdb\DNRLands\CentroidAll "Decimal Degrees" 8 #</Process><Process Name="Calculate Google Link" ToolSource="C:\Program Files\ArcGIS\ArcToolbox\Toolboxes\Data Management Tools.tbx\CalculateField" Date="20100608" Time="191910">CalculateField L:\tech\programs\PLPP_backends\DateStampedResPlanningLayers.mdb\DNRLands\CentroidAll GoogleMapURL ""http://maps.google.com/maps?q=" &amp; [ET_Lat] &amp; ",+" &amp; [ET_Lon] &amp; "+(" &amp; [LUNAME] &amp; " Txn: " &amp; [DNRACQNUM] &amp; " " &amp; [DeedDate] &amp; ")"" VB # L:\tech\programs\PLPP_backends\DateStampedResPlanningLayers.mdb\DNRLands\CentroidAll</Process><Process Name="ET PointCoordinates" ToolSource="C:\Documents and Settings\lbowne\Application Data\ESRI\ArcToolbox\My Toolboxes\ET GeoWizards.tbx\ET_GPPointCoordinates" Date="20100625" Time="153554">ET_GPPointCoordinates L:\tech\programs\PLPP_backends\DateStampedResPlanningLayers.mdb\DNRLands\CentroidAll L:\tech\programs\PLPP_backends\DateStampedResPlanningLayers.mdb\DNRLands\CentroidAll "Decimal Degrees" 8 #</Process><Process Name="Calculate Google Link" ToolSource="C:\Program Files\ArcGIS\ArcToolbox\Toolboxes\Data Management Tools.tbx\CalculateField" Date="20100625" Time="153601">CalculateField L:\tech\programs\PLPP_backends\DateStampedResPlanningLayers.mdb\DNRLands\CentroidAll GoogleMapURL ""http://maps.google.com/maps?q=" &amp; [ET_Lat] &amp; ",+" &amp; [ET_Lon] &amp; "+(" &amp; [LUNAME] &amp; " Txn: " &amp; [DNRACQNUM] &amp; " " &amp; [DeedDate] &amp; ")"" VB # L:\tech\programs\PLPP_backends\DateStampedResPlanningLayers.mdb\DNRLands\CentroidAll</Process><Process Name="ET PointCoordinates" ToolSource="C:\Documents and Settings\lbowne\Application Data\ESRI\ArcToolbox\My Toolboxes\ET GeoWizards.tbx\ET_GPPointCoordinates" Date="20100625" Time="164555">ET_GPPointCoordinates L:\tech\programs\PLPP_backends\DateStampedResPlanningLayers.mdb\DNRLands\CentroidAll L:\tech\programs\PLPP_backends\DateStampedResPlanningLayers.mdb\DNRLands\CentroidAll "Decimal Degrees" 8 #</Process><Process Name="Calculate Google Link" ToolSource="C:\Program Files\ArcGIS\ArcToolbox\Toolboxes\Data Management Tools.tbx\CalculateField" Date="20100625" Time="164602">CalculateField L:\tech\programs\PLPP_backends\DateStampedResPlanningLayers.mdb\DNRLands\CentroidAll GoogleMapURL ""http://maps.google.com/maps?q=" &amp; [ET_Lat] &amp; ",+" &amp; [ET_Lon] &amp; "+(" &amp; [LUNAME] &amp; " Txn: " &amp; [DNRACQNUM] &amp; " " &amp; [DeedDate] &amp; ")"" VB # L:\tech\programs\PLPP_backends\DateStampedResPlanningLayers.mdb\DNRLands\CentroidAll</Process><Process Name="ET PointCoordinates" ToolSource="C:\Documents and Settings\lbowne\Application Data\ESRI\ArcToolbox\My Toolboxes\ET GeoWizards.tbx\ET_GPPointCoordinates" Date="20100629" Time="173147">ET_GPPointCoordinates L:\tech\programs\PLPP_backends\DateStampedResPlanningLayers.mdb\DNRLands\CentroidAll L:\tech\programs\PLPP_backends\DateStampedResPlanningLayers.mdb\DNRLands\CentroidAll "Decimal Degrees" 8 #</Process><Process Name="Calculate Google Link" ToolSource="C:\Program Files\ArcGIS\ArcToolbox\Toolboxes\Data Management Tools.tbx\CalculateField" Date="20100629" Time="173155">CalculateField L:\tech\programs\PLPP_backends\DateStampedResPlanningLayers.mdb\DNRLands\CentroidAll GoogleMapURL ""http://maps.google.com/maps?q=" &amp; [ET_Lat] &amp; ",+" &amp; [ET_Lon] &amp; "+(" &amp; [LUNAME] &amp; " Txn: " &amp; [DNRACQNUM] &amp; " " &amp; [DeedDate] &amp; ")"" VB # L:\tech\programs\PLPP_backends\DateStampedResPlanningLayers.mdb\DNRLands\CentroidAll</Process><Process Name="ET PointCoordinates" ToolSource="C:\Documents and Settings\lbowne\Application Data\ESRI\ArcToolbox\My Toolboxes\ET GeoWizards.tbx\ET_GPPointCoordinates" Date="20100709" Time="183359">ET_GPPointCoordinates L:\tech\programs\PLPP_backends\DateStampedResPlanningLayers.mdb\DNRLands\CentroidAll L:\tech\programs\PLPP_backends\DateStampedResPlanningLayers.mdb\DNRLands\CentroidAll "Decimal Degrees" 8 #</Process><Process Name="Calculate Google Link" ToolSource="C:\Program Files\ArcGIS\ArcToolbox\Toolboxes\Data Management Tools.tbx\CalculateField" Date="20100709" Time="183415">CalculateField L:\tech\programs\PLPP_backends\DateStampedResPlanningLayers.mdb\DNRLands\CentroidAll GoogleMapURL ""http://maps.google.com/maps?q=" &amp; [ET_Lat] &amp; ",+" &amp; [ET_Lon] &amp; "+(" &amp; [LUNAME] &amp; " Txn: " &amp; [DNRACQNUM] &amp; " " &amp; [DeedDate] &amp; ")"" VB # L:\tech\programs\PLPP_backends\DateStampedResPlanningLayers.mdb\DNRLands\CentroidAll</Process><Process Name="ET PointCoordinates" ToolSource="C:\Documents and Settings\lbowne\Application Data\ESRI\ArcToolbox\My Toolboxes\ET GeoWizards.tbx\ET_GPPointCoordinates" Date="20100714" Time="171701">ET_GPPointCoordinates L:\tech\programs\PLPP_backends\DateStampedResPlanningLayers.mdb\DNRLands\CentroidAll L:\tech\programs\PLPP_backends\DateStampedResPlanningLayers.mdb\DNRLands\CentroidAll "Decimal Degrees" 8 #</Process><Process Name="Calculate Google Link" ToolSource="C:\Program Files\ArcGIS\ArcToolbox\Toolboxes\Data Management Tools.tbx\CalculateField" Date="20100714" Time="171709">CalculateField L:\tech\programs\PLPP_backends\DateStampedResPlanningLayers.mdb\DNRLands\CentroidAll GoogleMapURL ""http://maps.google.com/maps?q=" &amp; [ET_Lat] &amp; ",+" &amp; [ET_Lon] &amp; "+(" &amp; [LUNAME] &amp; " Txn: " &amp; [DNRACQNUM] &amp; " " &amp; [DeedDate] &amp; ")"" VB # L:\tech\programs\PLPP_backends\DateStampedResPlanningLayers.mdb\DNRLands\CentroidAll</Process><Process Name="ET PointCoordinates" ToolSource="C:\Documents and Settings\lbowne\Application Data\ESRI\ArcToolbox\My Toolboxes\ET GeoWizards.tbx\ET_GPPointCoordinates" Date="20100716" Time="132609">ET_GPPointCoordinates L:\tech\programs\PLPP_backends\DateStampedResPlanningLayers.mdb\DNRLands\CentroidAll L:\tech\programs\PLPP_backends\DateStampedResPlanningLayers.mdb\DNRLands\CentroidAll "Decimal Degrees" 8 #</Process><Process Name="Calculate Google Link" ToolSource="C:\Program Files\ArcGIS\ArcToolbox\Toolboxes\Data Management Tools.tbx\CalculateField" Date="20100716" Time="132616">CalculateField L:\tech\programs\PLPP_backends\DateStampedResPlanningLayers.mdb\DNRLands\CentroidAll GoogleMapURL ""http://maps.google.com/maps?q=" &amp; [ET_Lat] &amp; ",+" &amp; [ET_Lon] &amp; "+(" &amp; [LUNAME] &amp; " Txn: " &amp; [DNRACQNUM] &amp; " " &amp; [DeedDate] &amp; ")"" VB # L:\tech\programs\PLPP_backends\DateStampedResPlanningLayers.mdb\DNRLands\CentroidAll</Process><Process Name="ET PointCoordinates" ToolSource="C:\Documents and Settings\lbowne\Application Data\ESRI\ArcToolbox\My Toolboxes\ET GeoWizards.tbx\ET_GPPointCoordinates" Date="20100803" Time="122201">ET_GPPointCoordinates L:\tech\programs\PLPP_backends\DateStampedResPlanningLayers.mdb\DNRLands\CentroidAll L:\tech\programs\PLPP_backends\DateStampedResPlanningLayers.mdb\DNRLands\CentroidAll "Decimal Degrees" 8 #</Process><Process Name="Calculate Google Link" ToolSource="C:\Program Files\ArcGIS\ArcToolbox\Toolboxes\Data Management Tools.tbx\CalculateField" Date="20100803" Time="122209">CalculateField L:\tech\programs\PLPP_backends\DateStampedResPlanningLayers.mdb\DNRLands\CentroidAll GoogleMapURL ""http://maps.google.com/maps?q=" &amp; [ET_Lat] &amp; ",+" &amp; [ET_Lon] &amp; "+(" &amp; [LUNAME] &amp; " Txn: " &amp; [DNRACQNUM] &amp; " " &amp; [DeedDate] &amp; ")"" VB # L:\tech\programs\PLPP_backends\DateStampedResPlanningLayers.mdb\DNRLands\CentroidAll</Process><Process Name="ET PointCoordinates" ToolSource="C:\Documents and Settings\lbowne\Application Data\ESRI\ArcToolbox\My Toolboxes\ET GeoWizards.tbx\ET_GPPointCoordinates" Date="20100803" Time="160640">ET_GPPointCoordinates L:\tech\programs\PLPP_backends\DateStampedResPlanningLayers.mdb\DNRLands\CentroidAll L:\tech\programs\PLPP_backends\DateStampedResPlanningLayers.mdb\DNRLands\CentroidAll "Decimal Degrees" 8 #</Process><Process Name="Calculate Google Link" ToolSource="C:\Program Files\ArcGIS\ArcToolbox\Toolboxes\Data Management Tools.tbx\CalculateField" Date="20100803" Time="160653">CalculateField L:\tech\programs\PLPP_backends\DateStampedResPlanningLayers.mdb\DNRLands\CentroidAll GoogleMapURL ""http://maps.google.com/maps?q=" &amp; [ET_Lat] &amp; ",+" &amp; [ET_Lon] &amp; "+(" &amp; [LUNAME] &amp; " Txn: " &amp; [DNRACQNUM] &amp; " " &amp; [DeedDate] &amp; ")"" VB # L:\tech\programs\PLPP_backends\DateStampedResPlanningLayers.mdb\DNRLands\CentroidAll</Process><Process Name="ET PointCoordinates" ToolSource="C:\Documents and Settings\lbowne\Application Data\ESRI\ArcToolbox\My Toolboxes\ET GeoWizards.tbx\ET_GPPointCoordinates" Date="20100812" Time="152036">ET_GPPointCoordinates L:\tech\programs\PLPP_backends\DateStampedResPlanningLayers.mdb\DNRLands\CentroidAll L:\tech\programs\PLPP_backends\DateStampedResPlanningLayers.mdb\DNRLands\CentroidAll "Decimal Degrees" 8 #</Process><Process Name="Calculate Google Link" ToolSource="C:\Program Files\ArcGIS\ArcToolbox\Toolboxes\Data Management Tools.tbx\CalculateField" Date="20100812" Time="152044">CalculateField L:\tech\programs\PLPP_backends\DateStampedResPlanningLayers.mdb\DNRLands\CentroidAll GoogleMapURL ""http://maps.google.com/maps?q=" &amp; [ET_Lat] &amp; ",+" &amp; [ET_Lon] &amp; "+(" &amp; [LUNAME] &amp; " Txn: " &amp; [DNRACQNUM] &amp; " " &amp; [DeedDate] &amp; ")"" VB # L:\tech\programs\PLPP_backends\DateStampedResPlanningLayers.mdb\DNRLands\CentroidAll</Process><Process Name="ET PointCoordinates" ToolSource="C:\Documents and Settings\lbowne\Application Data\ESRI\ArcToolbox\My Toolboxes\ET GeoWizards.tbx\ET_GPPointCoordinates" Date="20100820" Time="101413">ET_GPPointCoordinates L:\tech\programs\PLPP_backends\DateStampedResPlanningLayers.mdb\DNRLands\CentroidAll L:\tech\programs\PLPP_backends\DateStampedResPlanningLayers.mdb\DNRLands\CentroidAll "Decimal Degrees" 8 #</Process><Process Name="Calculate Google Link" ToolSource="C:\Program Files\ArcGIS\ArcToolbox\Toolboxes\Data Management Tools.tbx\CalculateField" Date="20100820" Time="101428">CalculateField L:\tech\programs\PLPP_backends\DateStampedResPlanningLayers.mdb\DNRLands\CentroidAll GoogleMapURL ""http://maps.google.com/maps?q=" &amp; [ET_Lat] &amp; ",+" &amp; [ET_Lon] &amp; "+(" &amp; [LUNAME] &amp; " Txn: " &amp; [DNRACQNUM] &amp; " " &amp; [DeedDate] &amp; ")"" VB # L:\tech\programs\PLPP_backends\DateStampedResPlanningLayers.mdb\DNRLands\CentroidAll</Process><Process Name="ET PointCoordinates" ToolSource="C:\Documents and Settings\lbowne\Application Data\ESRI\ArcToolbox\My Toolboxes\ET GeoWizards.tbx\ET_GPPointCoordinates" Date="20100820" Time="153219">ET_GPPointCoordinates L:\tech\programs\PLPP_backends\DateStampedResPlanningLayers.mdb\DNRLands\CentroidAll L:\tech\programs\PLPP_backends\DateStampedResPlanningLayers.mdb\DNRLands\CentroidAll "Decimal Degrees" 8 #</Process><Process Name="Calculate Google Link" ToolSource="C:\Program Files\ArcGIS\ArcToolbox\Toolboxes\Data Management Tools.tbx\CalculateField" Date="20100820" Time="153231">CalculateField L:\tech\programs\PLPP_backends\DateStampedResPlanningLayers.mdb\DNRLands\CentroidAll GoogleMapURL ""http://maps.google.com/maps?q=" &amp; [ET_Lat] &amp; ",+" &amp; [ET_Lon] &amp; "+(" &amp; [LUNAME] &amp; " Txn: " &amp; [DNRACQNUM] &amp; " " &amp; [DeedDate] &amp; ")"" VB # L:\tech\programs\PLPP_backends\DateStampedResPlanningLayers.mdb\DNRLands\CentroidAll</Process><Process Name="ET PointCoordinates" ToolSource="C:\Documents and Settings\lbowne\Application Data\ESRI\ArcToolbox\My Toolboxes\ET GeoWizards.tbx\ET_GPPointCoordinates" Date="20100830" Time="104939">ET_GPPointCoordinates L:\tech\programs\PLPP_backends\DateStampedResPlanningLayers.mdb\DNRLands\CentroidAll L:\tech\programs\PLPP_backends\DateStampedResPlanningLayers.mdb\DNRLands\CentroidAll "Decimal Degrees" 8 #</Process><Process Name="Calculate Google Link" ToolSource="C:\Program Files\ArcGIS\ArcToolbox\Toolboxes\Data Management Tools.tbx\CalculateField" Date="20100830" Time="104946">CalculateField L:\tech\programs\PLPP_backends\DateStampedResPlanningLayers.mdb\DNRLands\CentroidAll GoogleMapURL ""http://maps.google.com/maps?q=" &amp; [ET_Lat] &amp; ",+" &amp; [ET_Lon] &amp; "+(" &amp; [LUNAME] &amp; " Txn: " &amp; [DNRACQNUM] &amp; " " &amp; [DeedDate] &amp; ")"" VB # L:\tech\programs\PLPP_backends\DateStampedResPlanningLayers.mdb\DNRLands\CentroidAll</Process><Process Name="ET PointCoordinates" ToolSource="C:\Documents and Settings\lbowne\Application Data\ESRI\ArcToolbox\My Toolboxes\ET GeoWizards.tbx\ET_GPPointCoordinates" Date="20100830" Time="112201">ET_GPPointCoordinates L:\tech\programs\PLPP_backends\DateStampedResPlanningLayers.mdb\DNRLands\CentroidAll L:\tech\programs\PLPP_backends\DateStampedResPlanningLayers.mdb\DNRLands\CentroidAll "Decimal Degrees" 8 #</Process><Process Name="Calculate Google Link" ToolSource="C:\Program Files\ArcGIS\ArcToolbox\Toolboxes\Data Management Tools.tbx\CalculateField" Date="20100830" Time="112213">CalculateField L:\tech\programs\PLPP_backends\DateStampedResPlanningLayers.mdb\DNRLands\CentroidAll GoogleMapURL ""http://maps.google.com/maps?q=" &amp; [ET_Lat] &amp; ",+" &amp; [ET_Lon] &amp; "+(" &amp; [LUNAME] &amp; " Txn: " &amp; [DNRACQNUM] &amp; " " &amp; [DeedDate] &amp; ")"" VB # L:\tech\programs\PLPP_backends\DateStampedResPlanningLayers.mdb\DNRLands\CentroidAll</Process><Process Name="ET PointCoordinates" ToolSource="C:\Documents and Settings\lbowne\Application Data\ESRI\ArcToolbox\My Toolboxes\ET GeoWizards.tbx\ET_GPPointCoordinates" Date="20100914" Time="091333">ET_GPPointCoordinates L:\tech\programs\PLPP_backends\DateStampedResPlanningLayers.mdb\DNRLands\CentroidAll L:\tech\programs\PLPP_backends\DateStampedResPlanningLayers.mdb\DNRLands\CentroidAll "Decimal Degrees" 8 #</Process><Process Name="Calculate Google Link" ToolSource="C:\Program Files\ArcGIS\ArcToolbox\Toolboxes\Data Management Tools.tbx\CalculateField" Date="20100914" Time="091341">CalculateField L:\tech\programs\PLPP_backends\DateStampedResPlanningLayers.mdb\DNRLands\CentroidAll GoogleMapURL ""http://maps.google.com/maps?q=" &amp; [ET_Lat] &amp; ",+" &amp; [ET_Lon] &amp; "+(" &amp; [LUNAME] &amp; " Txn: " &amp; [DNRACQNUM] &amp; " " &amp; [DeedDate] &amp; ")"" VB # L:\tech\programs\PLPP_backends\DateStampedResPlanningLayers.mdb\DNRLands\CentroidAll</Process><Process Name="ET PointCoordinates" ToolSource="C:\Documents and Settings\lbowne\Application Data\ESRI\ArcToolbox\My Toolboxes\ET GeoWizards.tbx\ET_GPPointCoordinates" Date="20100914" Time="191221">ET_GPPointCoordinates L:\tech\programs\PLPP_backends\DateStampedResPlanningLayers.mdb\DNRLands\CentroidAll L:\tech\programs\PLPP_backends\DateStampedResPlanningLayers.mdb\DNRLands\CentroidAll "Decimal Degrees" 8 #</Process><Process Name="Calculate Google Link" ToolSource="C:\Program Files\ArcGIS\ArcToolbox\Toolboxes\Data Management Tools.tbx\CalculateField" Date="20100914" Time="191229">CalculateField L:\tech\programs\PLPP_backends\DateStampedResPlanningLayers.mdb\DNRLands\CentroidAll GoogleMapURL ""http://maps.google.com/maps?q=" &amp; [ET_Lat] &amp; ",+" &amp; [ET_Lon] &amp; "+(" &amp; [LUNAME] &amp; " Txn: " &amp; [DNRACQNUM] &amp; " " &amp; [DeedDate] &amp; ")"" VB # L:\tech\programs\PLPP_backends\DateStampedResPlanningLayers.mdb\DNRLands\CentroidAll</Process><Process Name="ET PointCoordinates" ToolSource="C:\Documents and Settings\lbowne\Application Data\ESRI\ArcToolbox\My Toolboxes\ET GeoWizards.tbx\ET_GPPointCoordinates" Date="20100914" Time="214258">ET_GPPointCoordinates L:\tech\programs\PLPP_backends\DateStampedResPlanningLayers.mdb\DNRLands\CentroidAll L:\tech\programs\PLPP_backends\DateStampedResPlanningLayers.mdb\DNRLands\CentroidAll "Decimal Degrees" 8 #</Process><Process Name="Calculate Google Link" ToolSource="C:\Program Files\ArcGIS\ArcToolbox\Toolboxes\Data Management Tools.tbx\CalculateField" Date="20100914" Time="214305">CalculateField L:\tech\programs\PLPP_backends\DateStampedResPlanningLayers.mdb\DNRLands\CentroidAll GoogleMapURL ""http://maps.google.com/maps?q=" &amp; [ET_Lat] &amp; ",+" &amp; [ET_Lon] &amp; "+(" &amp; [LUNAME] &amp; " Txn: " &amp; [DNRACQNUM] &amp; " " &amp; [DeedDate] &amp; ")"" VB # L:\tech\programs\PLPP_backends\DateStampedResPlanningLayers.mdb\DNRLands\CentroidAll</Process><Process Name="ET PointCoordinates" ToolSource="C:\Documents and Settings\lbowne\Application Data\ESRI\ArcToolbox\My Toolboxes\ET GeoWizards.tbx\ET_GPPointCoordinates" Date="20100929" Time="174912">ET_GPPointCoordinates L:\tech\programs\PLPP_backends\DateStampedResPlanningLayers.mdb\DNRLands\CentroidAll L:\tech\programs\PLPP_backends\DateStampedResPlanningLayers.mdb\DNRLands\CentroidAll "Decimal Degrees" 8 #</Process><Process Name="Calculate Google Link" ToolSource="C:\Program Files\ArcGIS\ArcToolbox\Toolboxes\Data Management Tools.tbx\CalculateField" Date="20100929" Time="174930">CalculateField L:\tech\programs\PLPP_backends\DateStampedResPlanningLayers.mdb\DNRLands\CentroidAll GoogleMapURL ""http://maps.google.com/maps?q=" &amp; [ET_Lat] &amp; ",+" &amp; [ET_Lon] &amp; "+(" &amp; [LUNAME] &amp; " Txn: " &amp; [DNRACQNUM] &amp; " " &amp; [DeedDate] &amp; ")"" VB # L:\tech\programs\PLPP_backends\DateStampedResPlanningLayers.mdb\DNRLands\CentroidAll</Process><Process Name="ET PointCoordinates" ToolSource="C:\Documents and Settings\lbowne\Application Data\ESRI\ArcToolbox\My Toolboxes\ET GeoWizards.tbx\ET_GPPointCoordinates" Date="20101112" Time="123107">ET_GPPointCoordinates L:\tech\programs\PLPP_backends\DateStampedResPlanningLayers.mdb\DNRLands\CentroidAll L:\tech\programs\PLPP_backends\DateStampedResPlanningLayers.mdb\DNRLands\CentroidAll "Decimal Degrees" 8 #</Process><Process Name="Calculate Google Link" ToolSource="C:\Program Files\ArcGIS\ArcToolbox\Toolboxes\Data Management Tools.tbx\CalculateField" Date="20101112" Time="123116">CalculateField L:\tech\programs\PLPP_backends\DateStampedResPlanningLayers.mdb\DNRLands\CentroidAll GoogleMapURL ""http://maps.google.com/maps?q=" &amp; [ET_Lat] &amp; ",+" &amp; [ET_Lon] &amp; "+(" &amp; [LUNAME] &amp; " Txn: " &amp; [DNRACQNUM] &amp; " " &amp; [DeedDate] &amp; ")"" VB # L:\tech\programs\PLPP_backends\DateStampedResPlanningLayers.mdb\DNRLands\CentroidAll</Process><Process Name="ET PointCoordinates" ToolSource="C:\Documents and Settings\lbowne\Application Data\ESRI\ArcToolbox\My Toolboxes\ET GeoWizards.tbx\ET_GPPointCoordinates" Date="20101112" Time="143233">ET_GPPointCoordinates L:\tech\programs\PLPP_backends\DateStampedResPlanningLayers.mdb\DNRLands\CentroidAll L:\tech\programs\PLPP_backends\DateStampedResPlanningLayers.mdb\DNRLands\CentroidAll "Decimal Degrees" 8 #</Process><Process Name="Calculate Google Link" ToolSource="C:\Program Files\ArcGIS\ArcToolbox\Toolboxes\Data Management Tools.tbx\CalculateField" Date="20101112" Time="143241">CalculateField L:\tech\programs\PLPP_backends\DateStampedResPlanningLayers.mdb\DNRLands\CentroidAll GoogleMapURL ""http://maps.google.com/maps?q=" &amp; [ET_Lat] &amp; ",+" &amp; [ET_Lon] &amp; "+(" &amp; [LUNAME] &amp; " Txn: " &amp; [DNRACQNUM] &amp; " " &amp; [DeedDate] &amp; ")"" VB # L:\tech\programs\PLPP_backends\DateStampedResPlanningLayers.mdb\DNRLands\CentroidAll</Process><Process Name="ET PointCoordinates" ToolSource="C:\Documents and Settings\lbowne\Application Data\ESRI\ArcToolbox\My Toolboxes\ET GeoWizards.tbx\ET_GPPointCoordinates" Date="20101112" Time="160548">ET_GPPointCoordinates L:\tech\programs\PLPP_backends\DateStampedResPlanningLayers.mdb\DNRLands\CentroidAll L:\tech\programs\PLPP_backends\DateStampedResPlanningLayers.mdb\DNRLands\CentroidAll "Decimal Degrees" 8 #</Process><Process Name="Calculate Google Link" ToolSource="C:\Program Files\ArcGIS\ArcToolbox\Toolboxes\Data Management Tools.tbx\CalculateField" Date="20101112" Time="160556">CalculateField L:\tech\programs\PLPP_backends\DateStampedResPlanningLayers.mdb\DNRLands\CentroidAll GoogleMapURL ""http://maps.google.com/maps?q=" &amp; [ET_Lat] &amp; ",+" &amp; [ET_Lon] &amp; "+(" &amp; [LUNAME] &amp; " Txn: " &amp; [DNRACQNUM] &amp; " " &amp; [DeedDate] &amp; ")"" VB # L:\tech\programs\PLPP_backends\DateStampedResPlanningLayers.mdb\DNRLands\CentroidAll</Process><Process Name="ET PointCoordinates" ToolSource="C:\Documents and Settings\lbowne\Application Data\ESRI\ArcToolbox\My Toolboxes\ET GeoWizards.tbx\ET_GPPointCoordinates" Date="20101207" Time="151628">ET_GPPointCoordinates L:\tech\programs\PLPP_backends\DateStampedResPlanningLayers.mdb\DNRLands\CentroidAll L:\tech\programs\PLPP_backends\DateStampedResPlanningLayers.mdb\DNRLands\CentroidAll "Decimal Degrees" 8 #</Process><Process Name="Calculate Google Link" ToolSource="C:\Program Files\ArcGIS\ArcToolbox\Toolboxes\Data Management Tools.tbx\CalculateField" Date="20101207" Time="151635">CalculateField L:\tech\programs\PLPP_backends\DateStampedResPlanningLayers.mdb\DNRLands\CentroidAll GoogleMapURL ""http://maps.google.com/maps?q=" &amp; [ET_Lat] &amp; ",+" &amp; [ET_Lon] &amp; "+(" &amp; [LUNAME] &amp; " Txn: " &amp; [DNRACQNUM] &amp; " " &amp; [DeedDate] &amp; ")"" VB # L:\tech\programs\PLPP_backends\DateStampedResPlanningLayers.mdb\DNRLands\CentroidAll</Process><Process Name="ET PointCoordinates" ToolSource="C:\Documents and Settings\lbowne\Application Data\ESRI\ArcToolbox\My Toolboxes\ET GeoWizards.tbx\ET_GPPointCoordinates" Date="20101213" Time="192955">ET_GPPointCoordinates L:\tech\programs\PLPP_backends\DateStampedResPlanningLayers.mdb\DNRLands\CentroidAll L:\tech\programs\PLPP_backends\DateStampedResPlanningLayers.mdb\DNRLands\CentroidAll "Decimal Degrees" 8 #</Process><Process Name="Calculate Google Link" ToolSource="C:\Program Files\ArcGIS\ArcToolbox\Toolboxes\Data Management Tools.tbx\CalculateField" Date="20101213" Time="193004">CalculateField L:\tech\programs\PLPP_backends\DateStampedResPlanningLayers.mdb\DNRLands\CentroidAll GoogleMapURL ""http://maps.google.com/maps?q=" &amp; [ET_Lat] &amp; ",+" &amp; [ET_Lon] &amp; "+(" &amp; [LUNAME] &amp; " Txn: " &amp; [DNRACQNUM] &amp; " " &amp; [DeedDate] &amp; ")"" VB # L:\tech\programs\PLPP_backends\DateStampedResPlanningLayers.mdb\DNRLands\CentroidAll</Process><Process Name="ET PointCoordinates" ToolSource="C:\Documents and Settings\lbowne\Application Data\ESRI\ArcToolbox\My Toolboxes\ET GeoWizards.tbx\ET_GPPointCoordinates" Date="20101213" Time="212136">ET_GPPointCoordinates L:\tech\programs\PLPP_backends\DateStampedResPlanningLayers.mdb\DNRLands\CentroidAll L:\tech\programs\PLPP_backends\DateStampedResPlanningLayers.mdb\DNRLands\CentroidAll "Decimal Degrees" 8 #</Process><Process Name="Calculate Google Link" ToolSource="C:\Program Files\ArcGIS\ArcToolbox\Toolboxes\Data Management Tools.tbx\CalculateField" Date="20101213" Time="212146">CalculateField L:\tech\programs\PLPP_backends\DateStampedResPlanningLayers.mdb\DNRLands\CentroidAll GoogleMapURL ""http://maps.google.com/maps?q=" &amp; [ET_Lat] &amp; ",+" &amp; [ET_Lon] &amp; "+(" &amp; [LUNAME] &amp; " Txn: " &amp; [DNRACQNUM] &amp; " " &amp; [DeedDate] &amp; ")"" VB # L:\tech\programs\PLPP_backends\DateStampedResPlanningLayers.mdb\DNRLands\CentroidAll</Process><Process Name="ET PointCoordinates" ToolSource="C:\Documents and Settings\lbowne\Application Data\ESRI\ArcToolbox\My Toolboxes\ET GeoWizards.tbx\ET_GPPointCoordinates" Date="20101216" Time="113626">ET_GPPointCoordinates L:\tech\programs\PLPP_backends\DateStampedResPlanningLayers.mdb\DNRLands\CentroidAll L:\tech\programs\PLPP_backends\DateStampedResPlanningLayers.mdb\DNRLands\CentroidAll "Decimal Degrees" 8 #</Process><Process Name="Calculate Google Link" ToolSource="C:\Program Files\ArcGIS\ArcToolbox\Toolboxes\Data Management Tools.tbx\CalculateField" Date="20101216" Time="113636">CalculateField L:\tech\programs\PLPP_backends\DateStampedResPlanningLayers.mdb\DNRLands\CentroidAll GoogleMapURL ""http://maps.google.com/maps?q=" &amp; [ET_Lat] &amp; ",+" &amp; [ET_Lon] &amp; "+(" &amp; [LUNAME] &amp; " Txn: " &amp; [DNRACQNUM] &amp; " " &amp; [DeedDate] &amp; ")"" VB # L:\tech\programs\PLPP_backends\DateStampedResPlanningLayers.mdb\DNRLands\CentroidAll</Process><Process Name="ET PointCoordinates" ToolSource="C:\Documents and Settings\lbowne\Application Data\ESRI\ArcToolbox\My Toolboxes\ET GeoWizards.tbx\ET_GPPointCoordinates" Date="20101216" Time="220454">ET_GPPointCoordinates L:\tech\programs\PLPP_backends\DateStampedResPlanningLayers.mdb\DNRLands\CentroidAll L:\tech\programs\PLPP_backends\DateStampedResPlanningLayers.mdb\DNRLands\CentroidAll "Decimal Degrees" 8 #</Process><Process Name="Calculate Google Link" ToolSource="C:\Program Files\ArcGIS\ArcToolbox\Toolboxes\Data Management Tools.tbx\CalculateField" Date="20101216" Time="220503">CalculateField L:\tech\programs\PLPP_backends\DateStampedResPlanningLayers.mdb\DNRLands\CentroidAll GoogleMapURL ""http://maps.google.com/maps?q=" &amp; [ET_Lat] &amp; ",+" &amp; [ET_Lon] &amp; "+(" &amp; [LUNAME] &amp; " Txn: " &amp; [DNRACQNUM] &amp; " " &amp; [DeedDate] &amp; ")"" VB # L:\tech\programs\PLPP_backends\DateStampedResPlanningLayers.mdb\DNRLands\CentroidAll</Process><Process Name="ET PointCoordinates" ToolSource="C:\Documents and Settings\lbowne\Application Data\ESRI\ArcToolbox\My Toolboxes\ET GeoWizards.tbx\ET_GPPointCoordinates" Date="20101229" Time="110340">ET_GPPointCoordinates L:\tech\programs\PLPP_backends\DateStampedResPlanningLayers.mdb\DNRLands\CentroidAll L:\tech\programs\PLPP_backends\DateStampedResPlanningLayers.mdb\DNRLands\CentroidAll "Decimal Degrees" 8 #</Process><Process Name="Calculate Google Link" ToolSource="C:\Program Files\ArcGIS\ArcToolbox\Toolboxes\Data Management Tools.tbx\CalculateField" Date="20101229" Time="110347">CalculateField L:\tech\programs\PLPP_backends\DateStampedResPlanningLayers.mdb\DNRLands\CentroidAll GoogleMapURL ""http://maps.google.com/maps?q=" &amp; [ET_Lat] &amp; ",+" &amp; [ET_Lon] &amp; "+(" &amp; [LUNAME] &amp; " Txn: " &amp; [DNRACQNUM] &amp; " " &amp; [DeedDate] &amp; ")"" VB # L:\tech\programs\PLPP_backends\DateStampedResPlanningLayers.mdb\DNRLands\CentroidAll</Process><Process Name="ET PointCoordinates" ToolSource="C:\Documents and Settings\lbowne\Application Data\ESRI\ArcToolbox\My Toolboxes\ET GeoWizards.tbx\ET_GPPointCoordinates" Date="20101229" Time="130729">ET_GPPointCoordinates L:\tech\programs\PLPP_backends\DateStampedResPlanningLayers.mdb\DNRLands\CentroidAll L:\tech\programs\PLPP_backends\DateStampedResPlanningLayers.mdb\DNRLands\CentroidAll "Decimal Degrees" 8 #</Process><Process Name="Calculate Google Link" ToolSource="C:\Program Files\ArcGIS\ArcToolbox\Toolboxes\Data Management Tools.tbx\CalculateField" Date="20101229" Time="130742">CalculateField L:\tech\programs\PLPP_backends\DateStampedResPlanningLayers.mdb\DNRLands\CentroidAll GoogleMapURL ""http://maps.google.com/maps?q=" &amp; [ET_Lat] &amp; ",+" &amp; [ET_Lon] &amp; "+(" &amp; [LUNAME] &amp; " Txn: " &amp; [DNRACQNUM] &amp; " " &amp; [DeedDate] &amp; ")"" VB # L:\tech\programs\PLPP_backends\DateStampedResPlanningLayers.mdb\DNRLands\CentroidAll</Process><Process Name="ET PointCoordinates" ToolSource="C:\Documents and Settings\lbowne\Application Data\ESRI\ArcToolbox\My Toolboxes\ET GeoWizards.tbx\ET_GPPointCoordinates" Date="20110201" Time="222317">ET_GPPointCoordinates L:\tech\programs\PLPP_backends\DateStampedResPlanningLayers.mdb\DNRLands\CentroidAll L:\tech\programs\PLPP_backends\DateStampedResPlanningLayers.mdb\DNRLands\CentroidAll "Decimal Degrees" 8 #</Process><Process Name="Calculate Google Link" ToolSource="C:\Program Files\ArcGIS\ArcToolbox\Toolboxes\Data Management Tools.tbx\CalculateField" Date="20110201" Time="222326">CalculateField L:\tech\programs\PLPP_backends\DateStampedResPlanningLayers.mdb\DNRLands\CentroidAll GoogleMapURL ""http://maps.google.com/maps?q=" &amp; [ET_Lat] &amp; ",+" &amp; [ET_Lon] &amp; "+(" &amp; [LUNAME] &amp; " Txn: " &amp; [DNRACQNUM] &amp; " " &amp; [DeedDate] &amp; ")"" VB # L:\tech\programs\PLPP_backends\DateStampedResPlanningLayers.mdb\DNRLands\CentroidAll</Process><Process Name="ET PointCoordinates" ToolSource="C:\Documents and Settings\lbowne\Application Data\ESRI\ArcToolbox\My Toolboxes\ET GeoWizards.tbx\ET_GPPointCoordinates" Date="20110404" Time="142554">ET_GPPointCoordinates L:\tech\programs\PLPP_backends\DateStampedResPlanningLayers.mdb\DNRLands\CentroidAll L:\tech\programs\PLPP_backends\DateStampedResPlanningLayers.mdb\DNRLands\CentroidAll "Decimal Degrees" 8 #</Process><Process Name="Calculate Google Link" ToolSource="C:\Program Files\ArcGIS\ArcToolbox\Toolboxes\Data Management Tools.tbx\CalculateField" Date="20110404" Time="142614">CalculateField L:\tech\programs\PLPP_backends\DateStampedResPlanningLayers.mdb\DNRLands\CentroidAll GoogleMapURL ""http://maps.google.com/maps?q=" &amp; [ET_Lat] &amp; ",+" &amp; [ET_Lon] &amp; "+(" &amp; [LUNAME] &amp; " Txn: " &amp; [DNRACQNUM] &amp; " " &amp; [DeedDate] &amp; ")"" VB # L:\tech\programs\PLPP_backends\DateStampedResPlanningLayers.mdb\DNRLands\CentroidAll</Process><Process Name="ET PointCoordinates" ToolSource="C:\Documents and Settings\lbowne\Application Data\ESRI\ArcToolbox\My Toolboxes\ET GeoWizards.tbx\ET_GPPointCoordinates" Date="20110405" Time="195238">ET_GPPointCoordinates L:\tech\programs\PLPP_backends\DateStampedResPlanningLayers.mdb\DNRLands\CentroidAll L:\tech\programs\PLPP_backends\DateStampedResPlanningLayers.mdb\DNRLands\CentroidAll "Decimal Degrees" 8 #</Process><Process Name="Calculate Google Link" ToolSource="C:\Program Files\ArcGIS\ArcToolbox\Toolboxes\Data Management Tools.tbx\CalculateField" Date="20110405" Time="195255">CalculateField L:\tech\programs\PLPP_backends\DateStampedResPlanningLayers.mdb\DNRLands\CentroidAll GoogleMapURL ""http://maps.google.com/maps?q=" &amp; [ET_Lat] &amp; ",+" &amp; [ET_Lon] &amp; "+(" &amp; [LUNAME] &amp; " Txn: " &amp; [DNRACQNUM] &amp; " " &amp; [DeedDate] &amp; ")"" VB # L:\tech\programs\PLPP_backends\DateStampedResPlanningLayers.mdb\DNRLands\CentroidAll</Process><Process Name="ET PointCoordinates" ToolSource="C:\Documents and Settings\lbowne\Application Data\ESRI\ArcToolbox\My Toolboxes\ET GeoWizards.tbx\ET_GPPointCoordinates" Date="20110418" Time="085240">ET_GPPointCoordinates L:\tech\programs\PLPP_backends\DateStampedResPlanningLayers.mdb\DNRLands\CentroidAll L:\tech\programs\PLPP_backends\DateStampedResPlanningLayers.mdb\DNRLands\CentroidAll "Decimal Degrees" 8 #</Process><Process Name="Calculate Google Link" ToolSource="C:\Program Files\ArcGIS\ArcToolbox\Toolboxes\Data Management Tools.tbx\CalculateField" Date="20110418" Time="085258">CalculateField L:\tech\programs\PLPP_backends\DateStampedResPlanningLayers.mdb\DNRLands\CentroidAll GoogleMapURL ""http://maps.google.com/maps?q=" &amp; [ET_Lat] &amp; ",+" &amp; [ET_Lon] &amp; "+(" &amp; [LUNAME] &amp; " Txn: " &amp; [DNRACQNUM] &amp; " " &amp; [DeedDate] &amp; ")"" VB # L:\tech\programs\PLPP_backends\DateStampedResPlanningLayers.mdb\DNRLands\CentroidAll</Process><Process Name="ET PointCoordinates" ToolSource="C:\Documents and Settings\lbowne\Application Data\ESRI\ArcToolbox\My Toolboxes\ET GeoWizards.tbx\ET_GPPointCoordinates" Date="20110419" Time="130248">ET_GPPointCoordinates L:\tech\programs\PLPP_backends\DateStampedResPlanningLayers.mdb\DNRLands\CentroidAll L:\tech\programs\PLPP_backends\DateStampedResPlanningLayers.mdb\DNRLands\CentroidAll "Decimal Degrees" 8 #</Process><Process Name="Calculate Google Link" ToolSource="C:\Program Files\ArcGIS\ArcToolbox\Toolboxes\Data Management Tools.tbx\CalculateField" Date="20110419" Time="130301">CalculateField L:\tech\programs\PLPP_backends\DateStampedResPlanningLayers.mdb\DNRLands\CentroidAll GoogleMapURL ""http://maps.google.com/maps?q=" &amp; [ET_Lat] &amp; ",+" &amp; [ET_Lon] &amp; "+(" &amp; [LUNAME] &amp; " Txn: " &amp; [DNRACQNUM] &amp; " " &amp; [DeedDate] &amp; ")"" VB # L:\tech\programs\PLPP_backends\DateStampedResPlanningLayers.mdb\DNRLands\CentroidAll</Process><Process Name="ET PointCoordinates" ToolSource="C:\Documents and Settings\lbowne\Application Data\ESRI\ArcToolbox\My Toolboxes\ET GeoWizards.tbx\ET_GPPointCoordinates" Date="20110428" Time="131401">ET_GPPointCoordinates L:\tech\programs\PLPP_backends\DateStampedResPlanningLayers.mdb\DNRLands\CentroidAll L:\tech\programs\PLPP_backends\DateStampedResPlanningLayers.mdb\DNRLands\CentroidAll "Decimal Degrees" 8 #</Process><Process Name="Calculate Google Link" ToolSource="C:\Program Files\ArcGIS\ArcToolbox\Toolboxes\Data Management Tools.tbx\CalculateField" Date="20110428" Time="131414">CalculateField L:\tech\programs\PLPP_backends\DateStampedResPlanningLayers.mdb\DNRLands\CentroidAll GoogleMapURL ""http://maps.google.com/maps?q=" &amp; [ET_Lat] &amp; ",+" &amp; [ET_Lon] &amp; "+(" &amp; [LUNAME] &amp; " Txn: " &amp; [DNRACQNUM] &amp; " " &amp; [DeedDate] &amp; ")"" VB # L:\tech\programs\PLPP_backends\DateStampedResPlanningLayers.mdb\DNRLands\CentroidAll</Process><Process Name="ET PointCoordinates" ToolSource="C:\Documents and Settings\lbowne\Application Data\ESRI\ArcToolbox\My Toolboxes\ET GeoWizards.tbx\ET_GPPointCoordinates" Date="20110517" Time="223147">ET_GPPointCoordinates L:\tech\programs\PLPP_backends\DateStampedResPlanningLayers.mdb\DNRLands\CentroidAll L:\tech\programs\PLPP_backends\DateStampedResPlanningLayers.mdb\DNRLands\CentroidAll "Decimal Degrees" 8 #</Process><Process Name="Calculate Google Link" ToolSource="C:\Program Files\ArcGIS\ArcToolbox\Toolboxes\Data Management Tools.tbx\CalculateField" Date="20110517" Time="223157">CalculateField L:\tech\programs\PLPP_backends\DateStampedResPlanningLayers.mdb\DNRLands\CentroidAll GoogleMapURL ""http://maps.google.com/maps?q=" &amp; [ET_Lat] &amp; ",+" &amp; [ET_Lon] &amp; "+(" &amp; [LUNAME] &amp; " Txn: " &amp; [DNRACQNUM] &amp; " " &amp; [DeedDate] &amp; ")"" VB # L:\tech\programs\PLPP_backends\DateStampedResPlanningLayers.mdb\DNRLands\CentroidAll</Process><Process Name="copy centroid structure" ToolSource="C:\Program Files (x86)\ArcGIS\Desktop10.0\ArcToolbox\Toolboxes\Data Management Tools.tbx\Copy" Date="20130314" Time="095301">Copy \\geodata\AGS\maps\data\AIMS\nonSDEdata\DateStampedResPlanningLayersUpdatedFromSDE.mdb\DNRLands\CentroidAllBLANK \\geodata\AGS\maps\data\AIMS\nonSDEdata\DateStampedResPlanningLayersUpdatedFromSDE.mdb\DNRLands\CentroidAllfromSDE FeatureClass</Process><Process Name="Append (2)" ToolSource="C:\Program Files (x86)\ArcGIS\Desktop10.0\ArcToolbox\Toolboxes\Data Management Tools.tbx\Append" Date="20130314" Time="095321">Append \\geodata\ags\Maps\AIMSv2.sde\DnrAIMS."LANGROUP\AIMSPM".DNRLandInterest\DnrAIMS."LANGROUP\AIMSPM".dnrcentroid \\geodata\AGS\maps\data\AIMS\nonSDEdata\DateStampedResPlanningLayersUpdatedFromSDE.mdb\DNRLands\CentroidAllfromSDE NO_TEST "COUNTY "COUNTY" true true false 6 Text 0 0 ,First,#,\\geodata\ags\Maps\AIMSv2.sde\DnrAIMS."LANGROUP\AIMSPM".DNRLandInterest\DnrAIMS."LANGROUP\AIMSPM".dnrcentroid,COUNTY,-1,-1;CODE "CODE" true true false 4 Text 0 0 ,First,#,\\geodata\ags\Maps\AIMSv2.sde\DnrAIMS."LANGROUP\AIMSPM".DNRLandInterest\DnrAIMS."LANGROUP\AIMSPM".dnrcentroid,CODE,-1,-1;LUNAME "LUNAME" true true false 254 Text 0 0 ,First,#,\\geodata\ags\Maps\AIMSv2.sde\DnrAIMS."LANGROUP\AIMSPM".DNRLandInterest\DnrAIMS."LANGROUP\AIMSPM".dnrcentroid,LUNAME,-1,-1;DNRNAME "DNRNAME" true true false 254 Text 0 0 ,First,#,\\geodata\ags\Maps\AIMSv2.sde\DnrAIMS."LANGROUP\AIMSPM".DNRLandInterest\DnrAIMS."LANGROUP\AIMSPM".dnrcentroid,DNRNAME,-1,-1;OWNEDBY "OWNEDBY" true true false 50 Text 0 0 ,First,#,\\geodata\ags\Maps\AIMSv2.sde\DnrAIMS."LANGROUP\AIMSPM".DNRLandInterest\DnrAIMS."LANGROUP\AIMSPM".dnrcentroid,OWNEDBY,-1,-1;DNRACQNUM "DNRACQNUM" true true false 50 Text 0 0 ,First,#,\\geodata\ags\Maps\AIMSv2.sde\DnrAIMS."LANGROUP\AIMSPM".DNRLandInterest\DnrAIMS."LANGROUP\AIMSPM".dnrcentroid,DNRACQNUM,-1,-1;TRACTNUMBE "TRACTNUMBE" true true false 50 Text 0 0 ,First,#,\\geodata\ags\Maps\AIMSv2.sde\DnrAIMS."LANGROUP\AIMSPM".DNRLandInterest\DnrAIMS."LANGROUP\AIMSPM".dnrcentroid,TRACTNUMBE,-1,-1;TRACTNAME "TRACTNAME" true true false 50 Text 0 0 ,First,#,\\geodata\ags\Maps\AIMSv2.sde\DnrAIMS."LANGROUP\AIMSPM".DNRLandInterest\DnrAIMS."LANGROUP\AIMSPM".dnrcentroid,TRACTNAME,-1,-1;MANAGEDBY "MANAGEDBY" true true false 50 Text 0 0 ,First,#,\\geodata\ags\Maps\AIMSv2.sde\DnrAIMS."LANGROUP\AIMSPM".DNRLandInterest\DnrAIMS."LANGROUP\AIMSPM".dnrcentroid,MANAGEDBY,-1,-1;DNRREFNUM "DNRREFNUM" true true false 50 Text 0 0 ,First,#,\\geodata\ags\Maps\AIMSv2.sde\DnrAIMS."LANGROUP\AIMSPM".DNRLandInterest\DnrAIMS."LANGROUP\AIMSPM".dnrcentroid,DNRREFNUM,-1,-1;DNRPROPMAP "DNRPROPMAP" true true false 50 Text 0 0 ,First,#,\\geodata\ags\Maps\AIMSv2.sde\DnrAIMS."LANGROUP\AIMSPM".DNRLandInterest\DnrAIMS."LANGROUP\AIMSPM".dnrcentroid,DNRPROPMAP,-1,-1;DEEDLINK "DEEDLINK" true true false 50 Text 0 0 ,First,#,\\geodata\ags\Maps\AIMSv2.sde\DnrAIMS."LANGROUP\AIMSPM".DNRLandInterest\DnrAIMS."LANGROUP\AIMSPM".dnrcentroid,DEEDLINK,-1,-1;BASECODE "BASECODE" true true false 4 Text 0 0 ,First,#,\\geodata\ags\Maps\AIMSv2.sde\DnrAIMS."LANGROUP\AIMSPM".DNRLandInterest\DnrAIMS."LANGROUP\AIMSPM".dnrcentroid,BASECODE,-1,-1;DESIG "DESIG" true true false 15 Text 0 0 ,First,#,\\geodata\ags\Maps\AIMSv2.sde\DnrAIMS."LANGROUP\AIMSPM".DNRLandInterest\DnrAIMS."LANGROUP\AIMSPM".dnrcentroid,DESIG,-1,-1;REGION "REGION" true true false 20 Text 0 0 ,First,#,\\geodata\ags\Maps\AIMSv2.sde\DnrAIMS."LANGROUP\AIMSPM".DNRLandInterest\DnrAIMS."LANGROUP\AIMSPM".dnrcentroid,REGION,-1,-1;WEBLINK "WEBLINK" true true false 254 Text 0 0 ,First,#,\\geodata\ags\Maps\AIMSv2.sde\DnrAIMS."LANGROUP\AIMSPM".DNRLandInterest\DnrAIMS."LANGROUP\AIMSPM".dnrcentroid,WEBLINK,-1,-1;MAPSTATUS "MAPSTATUS" true true false 254 Text 0 0 ,First,#,\\geodata\ags\Maps\AIMSv2.sde\DnrAIMS."LANGROUP\AIMSPM".DNRLandInterest\DnrAIMS."LANGROUP\AIMSPM".dnrcentroid,MAPSTATUS,-1,-1;MAPDETAILS "MAPDETAILS" true true false 254 Text 0 0 ,First,#,\\geodata\ags\Maps\AIMSv2.sde\DnrAIMS."LANGROUP\AIMSPM".DNRLandInterest\DnrAIMS."LANGROUP\AIMSPM".dnrcentroid,MAPDETAILS,-1,-1;TAXID "TAXID" true true false 254 Text 0 0 ,First,#,\\geodata\ags\Maps\AIMSv2.sde\DnrAIMS."LANGROUP\AIMSPM".DNRLandInterest\DnrAIMS."LANGROUP\AIMSPM".dnrcentroid,TAXID,-1,-1;SCRATCH "SCRATCH" true true false 50 Text 0 0 ,First,#,\\geodata\ags\Maps\AIMSv2.sde\DnrAIMS."LANGROUP\AIMSPM".DNRLandInterest\DnrAIMS."LANGROUP\AIMSPM".dnrcentroid,SCRATCH,-1,-1;PUBLICUSE "PUBLICUSE" true true false 50 Text 0 0 ,First,#,\\geodata\ags\Maps\AIMSv2.sde\DnrAIMS."LANGROUP\AIMSPM".DNRLandInterest\DnrAIMS."LANGROUP\AIMSPM".dnrcentroid,PUBLICUSE,-1,-1;LEASEOWNER "LEASEOWNER" true true false 50 Text 0 0 ,First,#,\\geodata\ags\Maps\AIMSv2.sde\DnrAIMS."LANGROUP\AIMSPM".DNRLandInterest\DnrAIMS."LANGROUP\AIMSPM".dnrcentroid,LEASEOWNER,-1,-1;RPLINK "RPLINK" true true false 50 Text 0 0 ,First,#,\\geodata\ags\Maps\AIMSv2.sde\DnrAIMS."LANGROUP\AIMSPM".DNRLandInterest\DnrAIMS."LANGROUP\AIMSPM".dnrcentroid,RPLINK,-1,-1;cpx_full "cpx_full" true true false 12 Text 0 0 ,First,#,\\geodata\ags\Maps\AIMSv2.sde\DnrAIMS."LANGROUP\AIMSPM".DNRLandInterest\DnrAIMS."LANGROUP\AIMSPM".dnrcentroid,cpx_full,-1,-1;cpxabb "cpxabb" true true false 12 Text 0 0 ,First,#,\\geodata\ags\Maps\AIMSv2.sde\DnrAIMS."LANGROUP\AIMSPM".DNRLandInterest\DnrAIMS."LANGROUP\AIMSPM".dnrcentroid,cpxabb,-1,-1;dochlink "dochlink" true true false 254 Text 0 0 ,First,#,\\geodata\ags\Maps\AIMSv2.sde\DnrAIMS."LANGROUP\AIMSPM".DNRLandInterest\DnrAIMS."LANGROUP\AIMSPM".dnrcentroid,dochlink,-1,-1;LandIntere "LandIntere" true true false 10 Text 0 0 ,First,#,\\geodata\ags\Maps\AIMSv2.sde\DnrAIMS."LANGROUP\AIMSPM".DNRLandInterest\DnrAIMS."LANGROUP\AIMSPM".dnrcentroid,LandIntere,-1,-1;HuntingAll "HuntingAll" true true false 50 Text 0 0 ,First,#,\\geodata\ags\Maps\AIMSv2.sde\DnrAIMS."LANGROUP\AIMSPM".DNRLandInterest\DnrAIMS."LANGROUP\AIMSPM".dnrcentroid,HuntingAll,-1,-1;TractAcres "TractAcres" true true false 8 Double 0 0 ,First,#,\\geodata\ags\Maps\AIMSv2.sde\DnrAIMS."LANGROUP\AIMSPM".DNRLandInterest\DnrAIMS."LANGROUP\AIMSPM".dnrcentroid,TractAcres,-1,-1;cid "cid" true true false 4 Long 0 0 ,First,#,\\geodata\ags\Maps\AIMSv2.sde\DnrAIMS."LANGROUP\AIMSPM".DNRLandInterest\DnrAIMS."LANGROUP\AIMSPM".dnrcentroid,cid,-1,-1;DNRPCT_O "DNRPCT_O" true true false 2 Short 0 0 ,First,#,\\geodata\ags\Maps\AIMSv2.sde\DnrAIMS."LANGROUP\AIMSPM".DNRLandInterest\DnrAIMS."LANGROUP\AIMSPM".dnrcentroid,DNRPCT_O,-1,-1;DNRPCT_M "DNRPCT_M" true true false 2 Short 0 0 ,First,#,\\geodata\ags\Maps\AIMSv2.sde\DnrAIMS."LANGROUP\AIMSPM".DNRLandInterest\DnrAIMS."LANGROUP\AIMSPM".dnrcentroid,DNRPCT_M,-1,-1;TrueInholding "TrueInholding" true true false 3 Text 0 0 ,First,#,\\geodata\ags\Maps\AIMSv2.sde\DnrAIMS."LANGROUP\AIMSPM".DNRLandInterest\DnrAIMS."LANGROUP\AIMSPM".dnrcentroid,TrueInholding,-1,-1;DNRPCTMIN "DNRPCTMIN" true true false 2 Short 0 0 ,First,#,\\geodata\ags\Maps\AIMSv2.sde\DnrAIMS."LANGROUP\AIMSPM".DNRLandInterest\DnrAIMS."LANGROUP\AIMSPM".dnrcentroid,DNRPCTMIN,-1,-1;CMPLX06 "CMPLX06" true true false 12 Text 0 0 ,First,#,\\geodata\ags\Maps\AIMSv2.sde\DnrAIMS."LANGROUP\AIMSPM".DNRLandInterest\DnrAIMS."LANGROUP\AIMSPM".dnrcentroid,CMPLX06,-1,-1;DateCreated "DateCreated" true true false 8 Date 0 0 ,First,#,\\geodata\ags\Maps\AIMSv2.sde\DnrAIMS."LANGROUP\AIMSPM".DNRLandInterest\DnrAIMS."LANGROUP\AIMSPM".dnrcentroid,DateCreated,-1,-1;LastModified "LastModified" true true false 8 Date 0 0 ,First,#,\\geodata\ags\Maps\AIMSv2.sde\DnrAIMS."LANGROUP\AIMSPM".DNRLandInterest\DnrAIMS."LANGROUP\AIMSPM".dnrcentroid,LastModified,-1,-1;Scribe "Scribe" true true false 50 Text 0 0 ,First,#,\\geodata\ags\Maps\AIMSv2.sde\DnrAIMS."LANGROUP\AIMSPM".DNRLandInterest\DnrAIMS."LANGROUP\AIMSPM".dnrcentroid,Scribe,-1,-1;ObjectGUID "ObjectGUID" true true false 38 Text 0 0 ,First,#;CMPLX07 "CMPLX07" true true false 20 Text 0 0 ,First,#,\\geodata\ags\Maps\AIMSv2.sde\DnrAIMS."LANGROUP\AIMSPM".DNRLandInterest\DnrAIMS."LANGROUP\AIMSPM".dnrcentroid,CMPLX07,-1,-1;CpxName07 "CpxName07" true true false 50 Text 0 0 ,First,#,\\geodata\ags\Maps\AIMSv2.sde\DnrAIMS."LANGROUP\AIMSPM".DNRLandInterest\DnrAIMS."LANGROUP\AIMSPM".dnrcentroid,CpxName07,-1,-1;LUTract "LUTract" true true false 1 Text 0 0 ,First,#,\\geodata\ags\Maps\AIMSv2.sde\DnrAIMS."LANGROUP\AIMSPM".DNRLandInterest\DnrAIMS."LANGROUP\AIMSPM".dnrcentroid,LUTract,-1,-1;Compartment "Compartment" true true false 2 Short 0 0 ,First,#,\\geodata\ags\Maps\AIMSv2.sde\DnrAIMS."LANGROUP\AIMSPM".DNRLandInterest\DnrAIMS."LANGROUP\AIMSPM".dnrcentroid,Compartment,-1,-1;TXNYEAR "TXNYEAR" true true false 4 Long 0 0 ,First,#,\\geodata\ags\Maps\AIMSv2.sde\DnrAIMS."LANGROUP\AIMSPM".DNRLandInterest\DnrAIMS."LANGROUP\AIMSPM".dnrcentroid,TXNYEAR,-1,-1;LABEL "LABEL" true true false 2 Short 0 0 ,First,#,\\geodata\ags\Maps\AIMSv2.sde\DnrAIMS."LANGROUP\AIMSPM".DNRLandInterest\DnrAIMS."LANGROUP\AIMSPM".dnrcentroid,LABEL,-1,-1;ProjectReference "ProjectReference" true true false 50 Text 0 0 ,First,#,\\geodata\ags\Maps\AIMSv2.sde\DnrAIMS."LANGROUP\AIMSPM".DNRLandInterest\DnrAIMS."LANGROUP\AIMSPM".dnrcentroid,ProjectReference,-1,-1;PrjRef "PrjRef" true true false 150 Text 0 0 ,First,#,\\geodata\ags\Maps\AIMSv2.sde\DnrAIMS."LANGROUP\AIMSPM".DNRLandInterest\DnrAIMS."LANGROUP\AIMSPM".dnrcentroid,PrjRef,-1,-1;WTYPE "WTYPE" true true false 2 Short 0 0 ,First,#,\\geodata\ags\Maps\AIMSv2.sde\DnrAIMS."LANGROUP\AIMSPM".DNRLandInterest\DnrAIMS."LANGROUP\AIMSPM".dnrcentroid,WTYPE,-1,-1;LBL "LBL" true true false 2 Short 0 0 ,First,#,\\geodata\ags\Maps\AIMSv2.sde\DnrAIMS."LANGROUP\AIMSPM".DNRLandInterest\DnrAIMS."LANGROUP\AIMSPM".dnrcentroid,LBL,-1,-1;prjURL "prjURL" true true false 255 Text 0 0 ,First,#,\\geodata\ags\Maps\AIMSv2.sde\DnrAIMS."LANGROUP\AIMSPM".DNRLandInterest\DnrAIMS."LANGROUP\AIMSPM".dnrcentroid,prjURL,-1,-1;lngPOSufi "lngPOSufi" true true false 4 Long 0 0 ,First,#,\\geodata\ags\Maps\AIMSv2.sde\DnrAIMS."LANGROUP\AIMSPM".DNRLandInterest\DnrAIMS."LANGROUP\AIMSPM".dnrcentroid,lngPOSufi,-1,-1;BPWDate "BPWDate" true true false 8 Date 0 0 ,First,#,\\geodata\ags\Maps\AIMSv2.sde\DnrAIMS."LANGROUP\AIMSPM".DNRLandInterest\DnrAIMS."LANGROUP\AIMSPM".dnrcentroid,BPWDate,-1,-1;ACCTID "ACCTID" true true false 100 Text 0 0 ,First,#,\\geodata\ags\Maps\AIMSv2.sde\DnrAIMS."LANGROUP\AIMSPM".DNRLandInterest\DnrAIMS."LANGROUP\AIMSPM".dnrcentroid,ACCTID,-1,-1;DeedDate "DeedDate" true true false 8 Date 0 0 ,First,#,\\geodata\ags\Maps\AIMSv2.sde\DnrAIMS."LANGROUP\AIMSPM".DNRLandInterest\DnrAIMS."LANGROUP\AIMSPM".dnrcentroid,DeedDate,-1,-1;retiredate "retiredate" true true false 8 Date 0 0 ,First,#,\\geodata\ags\Maps\AIMSv2.sde\DnrAIMS."LANGROUP\AIMSPM".DNRLandInterest\DnrAIMS."LANGROUP\AIMSPM".dnrcentroid,retiredate,-1,-1;TxnDetails "TxnDetails" true true false 255 Text 0 0 ,First,#,\\geodata\ags\Maps\AIMSv2.sde\DnrAIMS."LANGROUP\AIMSPM".DNRLandInterest\DnrAIMS."LANGROUP\AIMSPM".dnrcentroid,TxnDetails,-1,-1;latDD "latDD" true true false 8 Double 0 0 ,First,#,\\geodata\ags\Maps\AIMSv2.sde\DnrAIMS."LANGROUP\AIMSPM".DNRLandInterest\DnrAIMS."LANGROUP\AIMSPM".dnrcentroid,latDD,-1,-1;longDD "longDD" true true false 8 Double 0 0 ,First,#,\\geodata\ags\Maps\AIMSv2.sde\DnrAIMS."LANGROUP\AIMSPM".DNRLandInterest\DnrAIMS."LANGROUP\AIMSPM".dnrcentroid,longDD,-1,-1;GoogleMapURL "GoogleMapURL" true true false 255 Text 0 0 ,First,#,\\geodata\ags\Maps\AIMSv2.sde\DnrAIMS."LANGROUP\AIMSPM".DNRLandInterest\DnrAIMS."LANGROUP\AIMSPM".dnrcentroid,GoogleMapURL,-1,-1;ET_Lon "ET_Lon" true true false 8 Double 0 0 ,First,#,\\geodata\ags\Maps\AIMSv2.sde\DnrAIMS."LANGROUP\AIMSPM".DNRLandInterest\DnrAIMS."LANGROUP\AIMSPM".dnrcentroid,ET_Lon,-1,-1;ET_Lat "ET_Lat" true true false 8 Double 0 0 ,First,#,\\geodata\ags\Maps\AIMSv2.sde\DnrAIMS."LANGROUP\AIMSPM".DNRLandInterest\DnrAIMS."LANGROUP\AIMSPM".dnrcentroid,ET_Lat,-1,-1;TxnLink "TxnLink" true true false 255 Text 0 0 ,First,#,\\geodata\ags\Maps\AIMSv2.sde\DnrAIMS."LANGROUP\AIMSPM".DNRLandInterest\DnrAIMS."LANGROUP\AIMSPM".dnrcentroid,TxnLink,-1,-1;COMPART "CPXNAME" true true false 50 Text 0 0 ,First,#,\\geodata\ags\Maps\AIMSv2.sde\DnrAIMS."LANGROUP\AIMSPM".DNRLandInterest\DnrAIMS."LANGROUP\AIMSPM".dnrcentroid,COMPART,-1,-1;CPXCODE "CPXCODE" true true false 50 Text 0 0 ,First,#,\\geodata\ags\Maps\AIMSv2.sde\DnrAIMS."LANGROUP\AIMSPM".DNRLandInterest\DnrAIMS."LANGROUP\AIMSPM".dnrcentroid,CPXCODE,-1,-1;Trails "Trails" true true false 10 Text 0 0 ,First,#,\\geodata\ags\Maps\AIMSv2.sde\DnrAIMS."LANGROUP\AIMSPM".DNRLandInterest\DnrAIMS."LANGROUP\AIMSPM".dnrcentroid,Trails,-1,-1" #</Process><Process Name="Active Property Interest Centroids " ToolSource="C:\Program Files (x86)\ArcGIS\Desktop10.0\ArcToolbox\Toolboxes\Analysis Tools.tbx\Select" Date="20130314" Time="125433">Select \\geodata\ags\Maps\data\AIMS\nonSDEdata\DateStampedResPlanningLayersUpdatedFromSDE.mdb\DNRLands\CentroidAllfromSDE \\tawesdata\COMMON\DNRAssetMgmt\AIMS\AIMSdata\IntermediateData\selectedcents.shp "[retiredate] is null "</Process><Process Name="Feature To Polygon" ToolSource="C:\Program Files (x86)\ArcGIS\Desktop10.0\ArcToolbox\Toolboxes\Data Management Tools.tbx\FeatureToPolygon" Date="20130314" Time="125557">FeatureToPolygon \\tawesdata\common\DNRAssetMgmt\AIMS\AIMSdata\IntermediateData\selectedbdys.shp \\geodata\ags\Maps\data\AIMS\nonSDEdata\testELAtools\FeatureToPolygon.shp # ATTRIBUTES \\tawesdata\COMMON\DNRAssetMgmt\AIMS\AIMSdata\IntermediateData\selectedcents.shp</Process><Process Name="Calculate Field" ToolSource="C:\Program Files (x86)\ArcGIS\Desktop10.0\ArcToolbox\Toolboxes\Data Management Tools.tbx\CalculateField" Date="20130314" Time="125634">CalculateField FeatureToPolygon_AccretedPolygons.shp LABEL 1 VB #</Process><Process Name="Merge" ToolSource="C:\Program Files (x86)\ArcGIS\Desktop10.0\ArcToolbox\Toolboxes\Data Management Tools.tbx\Merge" Date="20130314" Time="125657">Merge FeatureToPolygon_AccretedPolygons.shp;\\geodata\AGS\maps\data\AIMS\nonSDEdata\testELAtools\NonMineralRightsOnlyPolygons.shp \\geodata\ags\Maps\data\AIMS\nonSDEdata\testELAtools\merged.shp "COUNTY "COUNTY" true true false 6 Text 0 0 ,First,#,FeatureToPolygon_AccretedPolygons.shp,COUNTY,-1,-1,\\geodata\AGS\maps\data\AIMS\nonSDEdata\testELAtools\NonMineralRightsOnlyPolygons.shp,COUNTY,-1,-1;CODE "CODE" true true false 4 Text 0 0 ,First,#,FeatureToPolygon_AccretedPolygons.shp,CODE,-1,-1,\\geodata\AGS\maps\data\AIMS\nonSDEdata\testELAtools\NonMineralRightsOnlyPolygons.shp,CODE,-1,-1;LUNAME "LUNAME" true true false 254 Text 0 0 ,First,#,FeatureToPolygon_AccretedPolygons.shp,LUNAME,-1,-1,\\geodata\AGS\maps\data\AIMS\nonSDEdata\testELAtools\NonMineralRightsOnlyPolygons.shp,LUNAME,-1,-1;DNRNAME "DNRNAME" true true false 254 Text 0 0 ,First,#,FeatureToPolygon_AccretedPolygons.shp,DNRNAME,-1,-1,\\geodata\AGS\maps\data\AIMS\nonSDEdata\testELAtools\NonMineralRightsOnlyPolygons.shp,DNRNAME,-1,-1;OWNEDBY "OWNEDBY" true true false 50 Text 0 0 ,First,#,FeatureToPolygon_AccretedPolygons.shp,OWNEDBY,-1,-1,\\geodata\AGS\maps\data\AIMS\nonSDEdata\testELAtools\NonMineralRightsOnlyPolygons.shp,OWNEDBY,-1,-1;DNRACQNUM "DNRACQNUM" true true false 50 Text 0 0 ,First,#,FeatureToPolygon_AccretedPolygons.shp,DNRACQNUM,-1,-1,\\geodata\AGS\maps\data\AIMS\nonSDEdata\testELAtools\NonMineralRightsOnlyPolygons.shp,DNRACQNUM,-1,-1;TRACTNUMBE "TRACTNUMBE" true true false 50 Text 0 0 ,First,#,FeatureToPolygon_AccretedPolygons.shp,TRACTNUMBE,-1,-1,\\geodata\AGS\maps\data\AIMS\nonSDEdata\testELAtools\NonMineralRightsOnlyPolygons.shp,TRACTNUMBE,-1,-1;TRACTNAME "TRACTNAME" true true false 50 Text 0 0 ,First,#,FeatureToPolygon_AccretedPolygons.shp,TRACTNAME,-1,-1,\\geodata\AGS\maps\data\AIMS\nonSDEdata\testELAtools\NonMineralRightsOnlyPolygons.shp,TRACTNAME,-1,-1;MANAGEDBY "MANAGEDBY" true true false 50 Text 0 0 ,First,#,FeatureToPolygon_AccretedPolygons.shp,MANAGEDBY,-1,-1,\\geodata\AGS\maps\data\AIMS\nonSDEdata\testELAtools\NonMineralRightsOnlyPolygons.shp,MANAGEDBY,-1,-1;DNRREFNUM "DNRREFNUM" true true false 50 Text 0 0 ,First,#,FeatureToPolygon_AccretedPolygons.shp,DNRREFNUM,-1,-1,\\geodata\AGS\maps\data\AIMS\nonSDEdata\testELAtools\NonMineralRightsOnlyPolygons.shp,DNRREFNUM,-1,-1;DNRPROPMAP "DNRPROPMAP" true true false 50 Text 0 0 ,First,#,FeatureToPolygon_AccretedPolygons.shp,DNRPROPMAP,-1,-1,\\geodata\AGS\maps\data\AIMS\nonSDEdata\testELAtools\NonMineralRightsOnlyPolygons.shp,DNRPROPMAP,-1,-1;DEEDLINK "DEEDLINK" true true false 50 Text 0 0 ,First,#,FeatureToPolygon_AccretedPolygons.shp,DEEDLINK,-1,-1,\\geodata\AGS\maps\data\AIMS\nonSDEdata\testELAtools\NonMineralRightsOnlyPolygons.shp,DEEDLINK,-1,-1;BASECODE "BASECODE" true true false 4 Text 0 0 ,First,#,FeatureToPolygon_AccretedPolygons.shp,BASECODE,-1,-1,\\geodata\AGS\maps\data\AIMS\nonSDEdata\testELAtools\NonMineralRightsOnlyPolygons.shp,BASECODE,-1,-1;DESIG "DESIG" true true false 15 Text 0 0 ,First,#,FeatureToPolygon_AccretedPolygons.shp,DESIG,-1,-1,\\geodata\AGS\maps\data\AIMS\nonSDEdata\testELAtools\NonMineralRightsOnlyPolygons.shp,DESIG,-1,-1;REGION "REGION" true true false 20 Text 0 0 ,First,#,FeatureToPolygon_AccretedPolygons.shp,REGION,-1,-1,\\geodata\AGS\maps\data\AIMS\nonSDEdata\testELAtools\NonMineralRightsOnlyPolygons.shp,REGION,-1,-1;WEBLINK "WEBLINK" true true false 254 Text 0 0 ,First,#,FeatureToPolygon_AccretedPolygons.shp,WEBLINK,-1,-1,\\geodata\AGS\maps\data\AIMS\nonSDEdata\testELAtools\NonMineralRightsOnlyPolygons.shp,WEBLINK,-1,-1;MAPSTATUS "MAPSTATUS" true true false 254 Text 0 0 ,First,#,FeatureToPolygon_AccretedPolygons.shp,MAPSTATUS,-1,-1,\\geodata\AGS\maps\data\AIMS\nonSDEdata\testELAtools\NonMineralRightsOnlyPolygons.shp,MAPSTATUS,-1,-1;MAPDETAILS "MAPDETAILS" true true false 254 Text 0 0 ,First,#,FeatureToPolygon_AccretedPolygons.shp,MAPDETAILS,-1,-1,\\geodata\AGS\maps\data\AIMS\nonSDEdata\testELAtools\NonMineralRightsOnlyPolygons.shp,MAPDETAILS,-1,-1;TAXID "TAXID" true true false 254 Text 0 0 ,First,#,FeatureToPolygon_AccretedPolygons.shp,TAXID,-1,-1,\\geodata\AGS\maps\data\AIMS\nonSDEdata\testELAtools\NonMineralRightsOnlyPolygons.shp,TAXID,-1,-1;SCRATCH "SCRATCH" true true false 50 Text 0 0 ,First,#,FeatureToPolygon_AccretedPolygons.shp,SCRATCH,-1,-1,\\geodata\AGS\maps\data\AIMS\nonSDEdata\testELAtools\NonMineralRightsOnlyPolygons.shp,SCRATCH,-1,-1;PUBLICUSE "PUBLICUSE" true true false 50 Text 0 0 ,First,#,FeatureToPolygon_AccretedPolygons.shp,PUBLICUSE,-1,-1,\\geodata\AGS\maps\data\AIMS\nonSDEdata\testELAtools\NonMineralRightsOnlyPolygons.shp,PUBLICUSE,-1,-1;LEASEOWNER "LEASEOWNER" true true false 50 Text 0 0 ,First,#,FeatureToPolygon_AccretedPolygons.shp,LEASEOWNER,-1,-1,\\geodata\AGS\maps\data\AIMS\nonSDEdata\testELAtools\NonMineralRightsOnlyPolygons.shp,LEASEOWNER,-1,-1;RPLINK "RPLINK" true true false 50 Text 0 0 ,First,#,FeatureToPolygon_AccretedPolygons.shp,RPLINK,-1,-1,\\geodata\AGS\maps\data\AIMS\nonSDEdata\testELAtools\NonMineralRightsOnlyPolygons.shp,RPLINK,-1,-1;cpx_full "cpx_full" true true false 12 Text 0 0 ,First,#,FeatureToPolygon_AccretedPolygons.shp,cpx_full,-1,-1,\\geodata\AGS\maps\data\AIMS\nonSDEdata\testELAtools\NonMineralRightsOnlyPolygons.shp,cpx_full,-1,-1;cpxabb "cpxabb" true true false 12 Text 0 0 ,First,#,FeatureToPolygon_AccretedPolygons.shp,cpxabb,-1,-1,\\geodata\AGS\maps\data\AIMS\nonSDEdata\testELAtools\NonMineralRightsOnlyPolygons.shp,cpxabb,-1,-1;dochlink "dochlink" true true false 254 Text 0 0 ,First,#,FeatureToPolygon_AccretedPolygons.shp,dochlink,-1,-1,\\geodata\AGS\maps\data\AIMS\nonSDEdata\testELAtools\NonMineralRightsOnlyPolygons.shp,dochlink,-1,-1;LandIntere "LandIntere" true true false 10 Text 0 0 ,First,#,FeatureToPolygon_AccretedPolygons.shp,LandIntere,-1,-1,\\geodata\AGS\maps\data\AIMS\nonSDEdata\testELAtools\NonMineralRightsOnlyPolygons.shp,LandIntere,-1,-1;HuntingAll "HuntingAll" true true false 50 Text 0 0 ,First,#,FeatureToPolygon_AccretedPolygons.shp,HuntingAll,-1,-1,\\geodata\AGS\maps\data\AIMS\nonSDEdata\testELAtools\NonMineralRightsOnlyPolygons.shp,HuntingAll,-1,-1;TractAcres "TractAcres" true true false 19 Double 0 0 ,First,#,FeatureToPolygon_AccretedPolygons.shp,TractAcres,-1,-1,\\geodata\AGS\maps\data\AIMS\nonSDEdata\testELAtools\NonMineralRightsOnlyPolygons.shp,TractAcres,-1,-1;cid "cid" true true false 9 Long 0 9 ,First,#,FeatureToPolygon_AccretedPolygons.shp,cid,-1,-1,\\geodata\AGS\maps\data\AIMS\nonSDEdata\testELAtools\NonMineralRightsOnlyPolygons.shp,cid,-1,-1;DNRPCT_O "DNRPCT_O" true true false 4 Short 0 4 ,First,#,FeatureToPolygon_AccretedPolygons.shp,DNRPCT_O,-1,-1,\\geodata\AGS\maps\data\AIMS\nonSDEdata\testELAtools\NonMineralRightsOnlyPolygons.shp,DNRPCT_O,-1,-1;DNRPCT_M "DNRPCT_M" true true false 4 Short 0 4 ,First,#,FeatureToPolygon_AccretedPolygons.shp,DNRPCT_M,-1,-1,\\geodata\AGS\maps\data\AIMS\nonSDEdata\testELAtools\NonMineralRightsOnlyPolygons.shp,DNRPCT_M,-1,-1;TrueInhold "TrueInhold" true true false 3 Text 0 0 ,First,#,FeatureToPolygon_AccretedPolygons.shp,TrueInhold,-1,-1,\\geodata\AGS\maps\data\AIMS\nonSDEdata\testELAtools\NonMineralRightsOnlyPolygons.shp,TrueInhold,-1,-1;DNRPCTMIN "DNRPCTMIN" true true false 4 Short 0 4 ,First,#,FeatureToPolygon_AccretedPolygons.shp,DNRPCTMIN,-1,-1,\\geodata\AGS\maps\data\AIMS\nonSDEdata\testELAtools\NonMineralRightsOnlyPolygons.shp,DNRPCTMIN,-1,-1;CMPLX06 "CMPLX06" true true false 12 Text 0 0 ,First,#,FeatureToPolygon_AccretedPolygons.shp,CMPLX06,-1,-1,\\geodata\AGS\maps\data\AIMS\nonSDEdata\testELAtools\NonMineralRightsOnlyPolygons.shp,CMPLX06,-1,-1;DateCreate "DateCreate" true true false 8 Date 0 0 ,First,#,FeatureToPolygon_AccretedPolygons.shp,DateCreate,-1,-1,\\geodata\AGS\maps\data\AIMS\nonSDEdata\testELAtools\NonMineralRightsOnlyPolygons.shp,DateCreate,-1,-1;LastModifi "LastModifi" true true false 8 Date 0 0 ,First,#,FeatureToPolygon_AccretedPolygons.shp,LastModifi,-1,-1,\\geodata\AGS\maps\data\AIMS\nonSDEdata\testELAtools\NonMineralRightsOnlyPolygons.shp,LastModifi,-1,-1;Scribe "Scribe" true true false 50 Text 0 0 ,First,#,FeatureToPolygon_AccretedPolygons.shp,Scribe,-1,-1,\\geodata\AGS\maps\data\AIMS\nonSDEdata\testELAtools\NonMineralRightsOnlyPolygons.shp,Scribe,-1,-1;ObjectGUID "ObjectGUID" true true false 38 Text 0 0 ,First,#,FeatureToPolygon_AccretedPolygons.shp,ObjectGUID,-1,-1,\\geodata\AGS\maps\data\AIMS\nonSDEdata\testELAtools\NonMineralRightsOnlyPolygons.shp,ObjectGUID,-1,-1;CMPLX07 "CMPLX07" true true false 20 Text 0 0 ,First,#,FeatureToPolygon_AccretedPolygons.shp,CMPLX07,-1,-1,\\geodata\AGS\maps\data\AIMS\nonSDEdata\testELAtools\NonMineralRightsOnlyPolygons.shp,CMPLX07,-1,-1;CpxName07 "CpxName07" true true false 50 Text 0 0 ,First,#,FeatureToPolygon_AccretedPolygons.shp,CpxName07,-1,-1,\\geodata\AGS\maps\data\AIMS\nonSDEdata\testELAtools\NonMineralRightsOnlyPolygons.shp,CpxName07,-1,-1;LUTract "LUTract" true true false 1 Text 0 0 ,First,#,FeatureToPolygon_AccretedPolygons.shp,LUTract,-1,-1,\\geodata\AGS\maps\data\AIMS\nonSDEdata\testELAtools\NonMineralRightsOnlyPolygons.shp,LUTract,-1,-1;Compartmen "Compartmen" true true false 4 Short 0 4 ,First,#,FeatureToPolygon_AccretedPolygons.shp,Compartmen,-1,-1,\\geodata\AGS\maps\data\AIMS\nonSDEdata\testELAtools\NonMineralRightsOnlyPolygons.shp,Compartmen,-1,-1;TXNYEAR "TXNYEAR" true true false 9 Long 0 9 ,First,#,FeatureToPolygon_AccretedPolygons.shp,TXNYEAR,-1,-1,\\geodata\AGS\maps\data\AIMS\nonSDEdata\testELAtools\NonMineralRightsOnlyPolygons.shp,TXNYEAR,-1,-1;LABEL "LABEL" true true false 4 Short 0 4 ,First,#,FeatureToPolygon_AccretedPolygons.shp,LABEL,-1,-1,\\geodata\AGS\maps\data\AIMS\nonSDEdata\testELAtools\NonMineralRightsOnlyPolygons.shp,LABEL,-1,-1;ProjectRef "ProjectRef" true true false 50 Text 0 0 ,First,#,FeatureToPolygon_AccretedPolygons.shp,ProjectRef,-1,-1,\\geodata\AGS\maps\data\AIMS\nonSDEdata\testELAtools\NonMineralRightsOnlyPolygons.shp,ProjectRef,-1,-1;PrjRef "PrjRef" true true false 150 Text 0 0 ,First,#,FeatureToPolygon_AccretedPolygons.shp,PrjRef,-1,-1,\\geodata\AGS\maps\data\AIMS\nonSDEdata\testELAtools\NonMineralRightsOnlyPolygons.shp,PrjRef,-1,-1;WTYPE "WTYPE" true true false 4 Short 0 4 ,First,#,FeatureToPolygon_AccretedPolygons.shp,WTYPE,-1,-1,\\geodata\AGS\maps\data\AIMS\nonSDEdata\testELAtools\NonMineralRightsOnlyPolygons.shp,WTYPE,-1,-1;LBL "LBL" true true false 4 Short 0 4 ,First,#,FeatureToPolygon_AccretedPolygons.shp,LBL,-1,-1,\\geodata\AGS\maps\data\AIMS\nonSDEdata\testELAtools\NonMineralRightsOnlyPolygons.shp,LBL,-1,-1;prjURL "prjURL" true true false 254 Text 0 0 ,First,#,FeatureToPolygon_AccretedPolygons.shp,prjURL,-1,-1,\\geodata\AGS\maps\data\AIMS\nonSDEdata\testELAtools\NonMineralRightsOnlyPolygons.shp,prjURL,-1,-1;lngPOSufi "lngPOSufi" true true false 9 Long 0 9 ,First,#,FeatureToPolygon_AccretedPolygons.shp,lngPOSufi,-1,-1,\\geodata\AGS\maps\data\AIMS\nonSDEdata\testELAtools\NonMineralRightsOnlyPolygons.shp,lngPOSufi,-1,-1;BPWDate "BPWDate" true true false 8 Date 0 0 ,First,#,FeatureToPolygon_AccretedPolygons.shp,BPWDate,-1,-1,\\geodata\AGS\maps\data\AIMS\nonSDEdata\testELAtools\NonMineralRightsOnlyPolygons.shp,BPWDate,-1,-1;ACCTID "ACCTID" true true false 100 Text 0 0 ,First,#,FeatureToPolygon_AccretedPolygons.shp,ACCTID,-1,-1,\\geodata\AGS\maps\data\AIMS\nonSDEdata\testELAtools\NonMineralRightsOnlyPolygons.shp,ACCTID,-1,-1;DeedDate "DeedDate" true true false 8 Date 0 0 ,First,#,FeatureToPolygon_AccretedPolygons.shp,DeedDate,-1,-1,\\geodata\AGS\maps\data\AIMS\nonSDEdata\testELAtools\NonMineralRightsOnlyPolygons.shp,DeedDate,-1,-1;retiredate "retiredate" true true false 8 Date 0 0 ,First,#,FeatureToPolygon_AccretedPolygons.shp,retiredate,-1,-1,\\geodata\AGS\maps\data\AIMS\nonSDEdata\testELAtools\NonMineralRightsOnlyPolygons.shp,retiredate,-1,-1;TxnDetails "TxnDetails" true true false 254 Text 0 0 ,First,#,FeatureToPolygon_AccretedPolygons.shp,TxnDetails,-1,-1,\\geodata\AGS\maps\data\AIMS\nonSDEdata\testELAtools\NonMineralRightsOnlyPolygons.shp,TxnDetails,-1,-1;latDD "latDD" true true false 19 Double 0 0 ,First,#,FeatureToPolygon_AccretedPolygons.shp,latDD,-1,-1,\\geodata\AGS\maps\data\AIMS\nonSDEdata\testELAtools\NonMineralRightsOnlyPolygons.shp,latDD,-1,-1;longDD "longDD" true true false 19 Double 0 0 ,First,#,FeatureToPolygon_AccretedPolygons.shp,longDD,-1,-1,\\geodata\AGS\maps\data\AIMS\nonSDEdata\testELAtools\NonMineralRightsOnlyPolygons.shp,longDD,-1,-1;GoogleMapU "GoogleMapU" true true false 254 Text 0 0 ,First,#,FeatureToPolygon_AccretedPolygons.shp,GoogleMapU,-1,-1,\\geodata\AGS\maps\data\AIMS\nonSDEdata\testELAtools\NonMineralRightsOnlyPolygons.shp,GoogleMapU,-1,-1;ET_Lon "ET_Lon" true true false 19 Double 0 0 ,First,#,FeatureToPolygon_AccretedPolygons.shp,ET_Lon,-1,-1;ET_Lat "ET_Lat" true true false 19 Double 0 0 ,First,#,FeatureToPolygon_AccretedPolygons.shp,ET_Lat,-1,-1;TxnLink "TxnLink" true true false 254 Text 0 0 ,First,#,FeatureToPolygon_AccretedPolygons.shp,TxnLink,-1,-1,\\geodata\AGS\maps\data\AIMS\nonSDEdata\testELAtools\NonMineralRightsOnlyPolygons.shp,TxnLink,-1,-1;COMPART "COMPART" true true false 50 Text 0 0 ,First,#,FeatureToPolygon_AccretedPolygons.shp,COMPART,-1,-1,\\geodata\AGS\maps\data\AIMS\nonSDEdata\testELAtools\NonMineralRightsOnlyPolygons.shp,COMPART,-1,-1;CPXCODE "CPXCODE" true true false 50 Text 0 0 ,First,#,FeatureToPolygon_AccretedPolygons.shp,CPXCODE,-1,-1,\\geodata\AGS\maps\data\AIMS\nonSDEdata\testELAtools\NonMineralRightsOnlyPolygons.shp,CPXCODE,-1,-1;Trails "Trails" true true false 10 Text 0 0 ,First,#,FeatureToPolygon_AccretedPolygons.shp,Trails,-1,-1,\\geodata\AGS\maps\data\AIMS\nonSDEdata\testELAtools\NonMineralRightsOnlyPolygons.shp,Trails,-1,-1"</Process><Process Name="Add Field (3)" ToolSource="C:\Program Files (x86)\ArcGIS\Desktop10.0\ArcToolbox\Toolboxes\Data Management Tools.tbx\AddField" Date="20130314" Time="125717">AddField \\geodata\ags\Maps\data\AIMS\nonSDEdata\testELAtools\merged.shp GISACRES DOUBLE # # # # NON_NULLABLE NON_REQUIRED #</Process><Process Name="Add Field GISMILES" ToolSource="C:\Program Files (x86)\ArcGIS\Desktop10.0\ArcToolbox\Toolboxes\Data Management Tools.tbx\AddField" Date="20130314" Time="125723">AddField \\geodata\ags\Maps\data\AIMS\nonSDEdata\testELAtools\merged.shp GISMILES DOUBLE # # # # NON_NULLABLE NON_REQUIRED #</Process><Process Name="Dissolve (2)" ToolSource="C:\Program Files (x86)\ArcGIS\Desktop10.0\ArcToolbox\Toolboxes\Data Management Tools.tbx\Dissolve" Date="20130314" Time="125855">Dissolve \\geodata\ags\Maps\data\AIMS\nonSDEdata\testELAtools\merged.shp \\geodata\ags\Maps\data\AIMS\nonSDEdata\testELAtools\merged_DissolveSingleParts.shp COUNTY;CODE;LUNAME;DNRNAME;MANAGEDBY;BASECODE;DESIG;REGION;WEBLINK;LandIntere;DNRPCT_O;DNRPCT_M;LABEL;Trails # SINGLE_PART DISSOLVE_LINES</Process><Process Name="Add Field" ToolSource="C:\Program Files (x86)\ArcGIS\Desktop10.0\ArcToolbox\Toolboxes\Data Management Tools.tbx\AddField" Date="20130314" Time="131858">AddField \\geodata\ags\Maps\data\AIMS\nonSDEdata\testELAtools\merged_DissolveSingleParts.shp GISACRES DOUBLE # # # # NON_NULLABLE NON_REQUIRED #</Process><Process Name="Calculate Field (2)" ToolSource="C:\Program Files (x86)\ArcGIS\Desktop10.0\ArcToolbox\Toolboxes\Data Management Tools.tbx\CalculateField" Date="20130314" Time="131903">CalculateField \\geodata\ags\Maps\data\AIMS\nonSDEdata\testELAtools\merged_DissolveSingleParts.shp GISACRES !shape.area@acres! PYTHON_9.3 #</Process><Process Name="Add Field (2)" ToolSource="C:\Program Files (x86)\ArcGIS\Desktop10.0\ArcToolbox\Toolboxes\Data Management Tools.tbx\AddField" Date="20130314" Time="131904">AddField \\geodata\ags\Maps\data\AIMS\nonSDEdata\testELAtools\merged_DissolveSingleParts.shp GISMILES DOUBLE # # # # NON_NULLABLE NON_REQUIRED #</Process><Process Name="Calculate Field (3)" ToolSource="C:\Program Files (x86)\ArcGIS\Desktop10.0\ArcToolbox\Toolboxes\Data Management Tools.tbx\CalculateField" Date="20130314" Time="131909">CalculateField \\geodata\ags\Maps\data\AIMS\nonSDEdata\testELAtools\merged_DissolveSingleParts.shp GISMILES !shape.length@miles! PYTHON_9.3 #</Process><Process Name="Sort" ToolSource="C:\Program Files (x86)\ArcGIS\Desktop10.0\ArcToolbox\Toolboxes\Data Management Tools.tbx\Sort" Date="20130314" Time="131928">Sort \\geodata\ags\Maps\data\AIMS\nonSDEdata\testELAtools\merged_DissolveSingleParts.shp \\tawesdata\common\DNRAssetMgmt\AIMS\AIMSdata\IntermediateData\swpldnr2013.shp "GISACRES DESCENDING" UR</Process><Process Name="Add Spatial Index" ToolSource="C:\Program Files (x86)\ArcGIS\Desktop10.0\ArcToolbox\Toolboxes\Data Management Tools.tbx\AddSpatialIndex" Date="20130314" Time="131956">AddSpatialIndex \\tawesdata\common\DNRAssetMgmt\AIMS\AIMSdata\IntermediateData\swpldnr2013.shp 0 0 0</Process><Process Name="Add Attribute Index" ToolSource="C:\Program Files (x86)\ArcGIS\Desktop10.0\ArcToolbox\Toolboxes\Data Management Tools.tbx\AddIndex" Date="20130314" Time="131957">AddIndex \\tawesdata\common\DNRAssetMgmt\AIMS\AIMSdata\IntermediateData\swpldnr2013.shp CODE;DNRNAME;LandIntere;LABEL # NON_UNIQUE NON_ASCENDING</Process><Process Name="Select" ToolSource="C:\Program Files (x86)\ArcGIS\Desktop10.0\ArcToolbox\Toolboxes\Analysis Tools.tbx\Select" Date="20130314" Time="132040">Select \\tawesdata\common\DNRAssetMgmt\AIMS\AIMSdata\IntermediateData\swpldnr2013.shp \\tawesdata\common\DNRAssetMgmt\AIMS\AIMSdata\IntermediateData\swpldnr2013_Select.shp "NOT  "LandIntere" in ( 'ADJ' , 'CE-INCMPLT' , 'MET' , 'MINERALRTS' , 'POSINCMPLT' , 'RFR+' , 'ROW+' , 'ROW-' , 'SWR', 'PPDProtCE' ) and NOT "LABEL" = 5"</Process><Process Name="Delete Field" ToolSource="C:\Program Files (x86)\ArcGIS\Desktop10.0\ArcToolbox\Toolboxes\Data Management Tools.tbx\DeleteField" Date="20130314" Time="133158">DeleteField \\tawesdata\common\DNRAssetMgmt\AIMS\AIMSdata\IntermediateData\swpldnr2013_Select.shp Trails;ET_ID</Process><Process Name="Copy to H Transfer" ToolSource="C:\Program Files (x86)\ArcGIS\Desktop10.0\ArcToolbox\Toolboxes\Data Management Tools.tbx\Copy" Date="20130314" Time="135715">Copy \\tawesdata\common\DNRAssetMgmt\AIMS\AIMSdata\IntermediateData\swpldnr2013_Select.shp \\tawesdata2\HOME\Transfer\lbowne\swpldnr_select.shp #</Process></lineage><itemProps><itemLocation><linkage Sync="TRUE">file://\\tawesdata2\HOME\Transfer\lbowne\swpldnr_select</linkage><protocol Sync="TRUE">Local Area Network</protocol></itemLocation><itemName Sync="TRUE">swpldnr2013_Select</itemName><imsContentType Sync="TRUE">002</imsContentType><itemSize Sync="TRUE">0.000</itemSize></itemProps><coordRef><type Sync="TRUE">Projected</type><geogcsn Sync="TRUE">GCS_North_American_1983</geogcsn><projcsn Sync="TRUE">NAD_1983_StatePlane_Maryland_FIPS_1900</projcsn><peXml Sync="TRUE">&lt;ProjectedCoordinateSystem xsi:type='typens:ProjectedCoordinateSystem' xmlns:xsi='http://www.w3.org/2001/XMLSchema-instance' xmlns:xs='http://www.w3.org/2001/XMLSchema' xmlns:typens='http://www.esri.com/schemas/ArcGIS/10.0'&gt;&lt;WKT&gt;PROJCS[&amp;quot;NAD_1983_StatePlane_Maryland_FIPS_1900&amp;quot;,GEOGCS[&amp;quot;GCS_North_American_1983&amp;quot;,DATUM[&amp;quot;D_North_American_1983&amp;quot;,SPHEROID[&amp;quot;GRS_1980&amp;quot;,6378137.0,298.257222101]],PRIMEM[&amp;quot;Greenwich&amp;quot;,0.0],UNIT[&amp;quot;Degree&amp;quot;,0.0174532925199433]],PROJECTION[&amp;quot;Lambert_Conformal_Conic&amp;quot;],PARAMETER[&amp;quot;False_Easting&amp;quot;,400000.0],PARAMETER[&amp;quot;False_Northing&amp;quot;,0.0],PARAMETER[&amp;quot;Central_Meridian&amp;quot;,-77.0],PARAMETER[&amp;quot;Standard_Parallel_1&amp;quot;,38.3],PARAMETER[&amp;quot;Standard_Parallel_2&amp;quot;,39.45],PARAMETER[&amp;quot;Latitude_Of_Origin&amp;quot;,37.66666666666666],UNIT[&amp;quot;Meter&amp;quot;,1.0],AUTHORITY[&amp;quot;EPSG&amp;quot;,26985]]&lt;/WKT&gt;&lt;XOrigin&gt;-36747100&lt;/XOrigin&gt;&lt;YOrigin&gt;-29091500&lt;/YOrigin&gt;&lt;XYScale&gt;121236910.21292362&lt;/XYScale&gt;&lt;ZOrigin&gt;-100000&lt;/ZOrigin&gt;&lt;ZScale&gt;10000&lt;/ZScale&gt;&lt;MOrigin&gt;-100000&lt;/MOrigin&gt;&lt;MScale&gt;10000&lt;/MScale&gt;&lt;XYTolerance&gt;0.001&lt;/XYTolerance&gt;&lt;ZTolerance&gt;0.001&lt;/ZTolerance&gt;&lt;MTolerance&gt;0.001&lt;/MTolerance&gt;&lt;HighPrecision&gt;true&lt;/HighPrecision&gt;&lt;WKID&gt;26985&lt;/WKID&gt;&lt;/ProjectedCoordinateSystem&gt;</peXml></coordRef><copyHistory><copy source="\\tawesdata\common\DNRAssetMgmt\AIMS\AIMSdata\IntermediateData\swpldnr2013_Select" dest="\\tawesdata2\HOME\Transfer\lbowne\swpldnr_select" date="20130314" time="13571400"></copy></copyHistory></DataProperties><SyncDate>20130314</SyncDate><SyncTime>13202400</SyncTime><ModDate>20130314</ModDate><ModTime>13202400</ModTime><ArcGISFormat>1.0</ArcGISFormat></Esri><idinfo><native Sync="TRUE">Microsoft Windows XP Version 5.1 (Build 2600) Service Pack 3; ESRI ArcCatalog 9.3.0.1770</native><descript><langdata Sync="TRUE">en</langdata><abstract>REQUIRED: A brief narrative summary of the data set.</abstract><purpose>REQUIRED: A summary of the intentions with which the data set was developed.</purpose></descript><citation><citeinfo><origin>REQUIRED: The name of an organization or individual that developed the data set.</origin><pubdate>REQUIRED: The date when the data set is published or otherwise made available for release.</pubdate><title Sync="TRUE">CentroidAll</title><ftname Sync="TRUE">CentroidAll</ftname><geoform Sync="TRUE">vector digital data</geoform><onlink Sync="TRUE">\\tawespld\pld\Common\tech\programs\PLPP_backends\DateStampedResPlanningLayers.mdb</onlink></citeinfo></citation><timeperd><current>REQUIRED: The basis on which the time period of content information is determined.</current><timeinfo><sngdate><caldate>REQUIRED: The year (and optionally month, or month and day) for which the data set corresponds to the ground.</caldate></sngdate></timeinfo></timeperd><status><progress>REQUIRED: The state of the data set.</progress><update>REQUIRED: The frequency with which changes and additions are made to the data set after the initial data set is completed.</update></status><spdom><bounding><westbc Sync="TRUE">-80.343189</westbc><eastbc Sync="TRUE">-75.016217</eastbc><northbc Sync="TRUE">39.738821</northbc><southbc Sync="TRUE">37.871886</southbc></bounding><lboundng><leftbc Sync="TRUE">113281.149304</leftbc><rightbc Sync="TRUE">570084.018978</rightbc><bottombc Sync="TRUE">27899.456325</bottombc><topbc Sync="TRUE">230031.545345</topbc></lboundng></spdom><keywords><theme><themekt>REQUIRED: Reference to a formally registered thesaurus or a similar authoritative source of theme keywords.</themekt><themekey>REQUIRED: Common-use word or phrase used to describe the subject of the data set.</themekey></theme></keywords><accconst>REQUIRED: Restrictions and legal prerequisites for accessing the data set.</accconst><useconst>REQUIRED: Restrictions and legal prerequisites for using the data set after access is granted.</useconst><natvform Sync="TRUE">Personal GeoDatabase Feature Class</natvform></idinfo><dataIdInfo><envirDesc Sync="TRUE">Microsoft Windows Server 2008 R2 Version 6.1 (Build 7601) Service Pack 1; ESRI ArcGIS 10.0.2.3200</envirDesc><dataLang><languageCode Sync="TRUE" value="eng" country="USA"></languageCode></dataLang><idCitation><resTitle Sync="TRUE">swpldnr2013_Select</resTitle><presForm><PresFormCd Sync="TRUE" value="005"></PresFormCd></presForm></idCitation><spatRpType><SpatRepTypCd Sync="TRUE" value="001"></SpatRepTypCd></spatRpType><dataExt><geoEle><GeoBndBox esriExtentType="native"><westBL Sync="TRUE">113281.149304</westBL><eastBL Sync="TRUE">570084.018978</eastBL><northBL Sync="TRUE">230031.545345</northBL><southBL Sync="TRUE">27899.456325</southBL><exTypeCode Sync="TRUE">1</exTypeCode></GeoBndBox></geoEle></dataExt><geoBox esriExtentType="decdegrees"><westBL Sync="TRUE">-80.343189</westBL><eastBL Sync="TRUE">-75.016217</eastBL><northBL Sync="TRUE">39.738821</northBL><southBL Sync="TRUE">37.871886</southBL><exTypeCode Sync="TRUE">1</exTypeCode></geoBox><descKeys><thesaName uuidref="723f6998-058e-11dc-8314-0800200c9a66"></thesaName><keyword Sync="TRUE">002</keyword></descKeys></dataIdInfo><metainfo><langmeta Sync="TRUE">en</langmeta><metstdn Sync="TRUE">FGDC Content Standards for Digital Geospatial Metadata</metstdn><metstdv Sync="TRUE">FGDC-STD-001-1998</metstdv><mettc Sync="TRUE">local time</mettc><metc><cntinfo><cntorgp><cntper>REQUIRED: The person responsible for the metadata information.</cntper><cntorg>REQUIRED: The organization responsible for the metadata information.</cntorg></cntorgp><cntaddr><addrtype>REQUIRED: The mailing and/or physical address for the organization or individual.</addrtype><city>REQUIRED: The city of the address.</city><state>REQUIRED: The state or province of the address.</state><postal>REQUIRED: The ZIP or other postal code of the address.</postal></cntaddr><cntvoice>REQUIRED: The telephone number by which individuals can speak to the organization or individual.</cntvoice></cntinfo></metc><metd Sync="TRUE">20100511</metd></metainfo><mdLang><languageCode Sync="TRUE" value="eng"></languageCode></mdLang><mdStanName Sync="TRUE">ISO 19115 Geographic Information - Metadata</mdStanName><mdStanVer Sync="TRUE">DIS_ESRI1.0</mdStanVer><mdChar><CharSetCd Sync="TRUE" value="004"></CharSetCd></mdChar><mdHrLv><ScopeCd Sync="TRUE" value="005"></ScopeCd></mdHrLv><mdHrLvName Sync="TRUE">dataset</mdHrLvName><distinfo><resdesc Sync="TRUE">Downloadable Data</resdesc></distinfo><distInfo><distributor><distorTran><onLineSrc><orDesc Sync="TRUE">002</orDesc><linkage Sync="TRUE">file://\\tawespld\pld\Common\tech\programs\PLPP_backends\DateStampedResPlanningLayers.mdb</linkage><protocol Sync="TRUE">Local Area Network</protocol></onLineSrc></distorTran><distorFormat><formatName Sync="TRUE">Personal GeoDatabase Feature Class</formatName></distorFormat></distributor><distFormat><formatName Sync="TRUE">Shapefile</formatName></distFormat><distTranOps><transSize Sync="TRUE">0.000</transSize></distTranOps></distInfo><spdoinfo><direct Sync="TRUE">Vector</direct><ptvctinf><esriterm Name="swpldnr2013_Select"><efeatyp Sync="TRUE">Simple</efeatyp><efeageom Sync="TRUE">4</efeageom><esritopo Sync="TRUE">FALSE</esritopo><efeacnt Sync="TRUE">0</efeacnt><spindex Sync="TRUE">FALSE</spindex><linrefer Sync="TRUE">FALSE</linrefer></esriterm></ptvctinf></spdoinfo><spref><horizsys><cordsysn><geogcsn Sync="TRUE">GCS_North_American_1983</geogcsn><projcsn Sync="TRUE">NAD_1983_StatePlane_Maryland_FIPS_1900</projcsn></cordsysn><planar><planci><plance Sync="TRUE">coordinate pair</plance><plandu Sync="TRUE">meters</plandu><coordrep><absres Sync="TRUE">0.001024</absres><ordres Sync="TRUE">0.001024</ordres></coordrep></planci></planar><geodetic><horizdn Sync="TRUE">North American Datum of 1983</horizdn><ellips Sync="TRUE">Geodetic Reference System 80</ellips><semiaxis Sync="TRUE">6378137.000000</semiaxis><denflat Sync="TRUE">298.257222</denflat></geodetic></horizsys><vertdef><altsys><altenc Sync="TRUE">Explicit elevation coordinate included with horizontal coordinates</altenc><altres Sync="TRUE">0.000010</altres></altsys></vertdef></spref><refSysInfo><RefSystem><refSysID><identCode Sync="TRUE" code="26985">NAD_1983_StatePlane_Maryland_FIPS_1900</identCode><idCodeSpace Sync="TRUE">EPSG</idCodeSpace><idVersion Sync="TRUE">7.4.1</idVersion></refSysID></RefSystem></refSysInfo><spatRepInfo><VectSpatRep><topLvl><TopoLevCd Sync="TRUE" value="001"></TopoLevCd></topLvl><geometObjs Name="CentroidAll"><geoObjTyp><GeoObjTypCd Sync="TRUE" value="002"></GeoObjTypCd><geoObjCnt Sync="TRUE">0</geoObjCnt></geoObjTyp><geoObjCnt Sync="TRUE">4577</geoObjCnt></geometObjs></VectSpatRep></spatRepInfo><eainfo><detailed Name="swpldnr2013_Select"><enttyp><enttypl Sync="TRUE">swpldnr2013_Select</enttypl><enttypt Sync="TRUE">Feature Class</enttypt><enttypc Sync="TRUE">0</enttypc></enttyp><attr><attrlabl Sync="TRUE">FID</attrlabl><attalias Sync="TRUE">FID</attalias><attrtype Sync="TRUE">OID</attrtype><attwidth Sync="TRUE">4</attwidth><atprecis Sync="TRUE">0</atprecis><attscale Sync="TRUE">0</attscale><attrdef Sync="TRUE">Internal feature number.</attrdef><attrdefs Sync="TRUE">ESRI</attrdefs><attrdomv><udom Sync="TRUE">Sequential unique whole numbers that are automatically generated.</udom></attrdomv></attr><attr><attrlabl Sync="TRUE">Shape</attrlabl><attalias Sync="TRUE">Shape</attalias><attrtype Sync="TRUE">Geometry</attrtype><attwidth Sync="TRUE">0</attwidth><atprecis Sync="TRUE">0</atprecis><attscale Sync="TRUE">0</attscale><attrdef Sync="TRUE">Feature geometry.</attrdef><attrdefs Sync="TRUE">ESRI</attrdefs><attrdomv><udom Sync="TRUE">Coordinates defining the features.</udom></attrdomv></attr><attr><attrlabl Sync="TRUE">COUNTY</attrlabl><attalias Sync="TRUE">COUNTY</attalias><attrtype Sync="TRUE">String</attrtype><attwidth Sync="TRUE">6</attwidth><atprecis Sync="TRUE">0</atprecis><attscale Sync="TRUE">0</attscale></attr><attr><attrlabl Sync="TRUE">LABEL</attrlabl><attalias Sync="TRUE">LABEL</attalias><attrtype Sync="TRUE">SmallInteger</attrtype><attwidth Sync="TRUE">4</attwidth><atprecis Sync="TRUE">4</atprecis><attscale Sync="TRUE">0</attscale></attr><attr><attrlabl Sync="TRUE">CODE</attrlabl><attalias Sync="TRUE">CODE</attalias><attrtype Sync="TRUE">String</attrtype><attwidth Sync="TRUE">4</attwidth><atprecis Sync="TRUE">0</atprecis><attscale Sync="TRUE">0</attscale></attr><attr><attrlabl Sync="TRUE">LUNAME</attrlabl><attalias Sync="TRUE">LUNAME</attalias><attrtype Sync="TRUE">String</attrtype><attwidth Sync="TRUE">254</attwidth><atprecis Sync="TRUE">0</atprecis><attscale Sync="TRUE">0</attscale></attr><attr><attrlabl Sync="TRUE">DNRNAME</attrlabl><attalias Sync="TRUE">DNRNAME</attalias><attrtype Sync="TRUE">String</attrtype><attwidth Sync="TRUE">254</attwidth><atprecis Sync="TRUE">0</atprecis><attscale Sync="TRUE">0</attscale></attr><attr><attrlabl Sync="TRUE">MANAGEDBY</attrlabl><attalias Sync="TRUE">MANAGEDBY</attalias><attrtype Sync="TRUE">String</attrtype><attwidth Sync="TRUE">50</attwidth><atprecis Sync="TRUE">0</atprecis><attscale Sync="TRUE">0</attscale></attr><attr><attrlabl Sync="TRUE">BASECODE</attrlabl><attalias Sync="TRUE">BASECODE</attalias><attrtype Sync="TRUE">String</attrtype><attwidth Sync="TRUE">4</attwidth><atprecis Sync="TRUE">0</atprecis><attscale Sync="TRUE">0</attscale></attr><attr><attrlabl Sync="TRUE">DESIG</attrlabl><attalias Sync="TRUE">DESIG</attalias><attrtype Sync="TRUE">String</attrtype><attwidth Sync="TRUE">15</attwidth><atprecis Sync="TRUE">0</atprecis><attscale Sync="TRUE">0</attscale></attr><attr><attrlabl Sync="TRUE">REGION</attrlabl><attalias Sync="TRUE">REGION</attalias><attrtype Sync="TRUE">String</attrtype><attwidth Sync="TRUE">20</attwidth><atprecis Sync="TRUE">0</atprecis><attscale Sync="TRUE">0</attscale></attr><attr><attrlabl Sync="TRUE">WEBLINK</attrlabl><attalias Sync="TRUE">WEBLINK</attalias><attrtype Sync="TRUE">String</attrtype><attwidth Sync="TRUE">254</attwidth><atprecis Sync="TRUE">0</atprecis><attscale Sync="TRUE">0</attscale></attr><attr><attrlabl Sync="TRUE">LandIntere</attrlabl><attalias Sync="TRUE">LandIntere</attalias><attrtype Sync="TRUE">String</attrtype><attwidth Sync="TRUE">10</attwidth><atprecis Sync="TRUE">0</atprecis><attscale Sync="TRUE">0</attscale></attr><attr><attrlabl Sync="TRUE">DNRPCT_O</attrlabl><attalias Sync="TRUE">DNRPCT_O</attalias><attrtype Sync="TRUE">SmallInteger</attrtype><attwidth Sync="TRUE">4</attwidth><atprecis Sync="TRUE">4</atprecis><attscale Sync="TRUE">0</attscale></attr><attr><attrlabl Sync="TRUE">DNRPCT_M</attrlabl><attalias Sync="TRUE">DNRPCT_M</attalias><attrtype Sync="TRUE">SmallInteger</attrtype><attwidth Sync="TRUE">4</attwidth><atprecis Sync="TRUE">4</atprecis><attscale Sync="TRUE">0</attscale></attr><attr><attrlabl Sync="TRUE">Trails</attrlabl><attalias Sync="TRUE">Trails</attalias><attrtype Sync="TRUE">String</attrtype><attwidth Sync="TRUE">10</attwidth><atprecis Sync="TRUE">0</atprecis><attscale Sync="TRUE">0</attscale></attr><attr><attrlabl Sync="TRUE">GISACRES</attrlabl><attalias Sync="TRUE">GISACRES</attalias><attrtype Sync="TRUE">Double</attrtype><attwidth Sync="TRUE">19</attwidth><atprecis Sync="TRUE">0</atprecis><attscale Sync="TRUE">0</attscale></attr><attr><attrlabl Sync="TRUE">GISMILES</attrlabl><attalias Sync="TRUE">GISMILES</attalias><attrtype Sync="TRUE">Double</attrtype><attwidth Sync="TRUE">19</attwidth><atprecis Sync="TRUE">0</atprecis><attscale Sync="TRUE">0</attscale></attr></detailed></eainfo><mdDateSt Sync="TRUE">20130314</mdDateSt></metadata>
